userid,companyid,rating
UID01,CID01,3
UID01,CID05,4
UID01,CID18,1
UID02,CID01,4
UID02,CID02,2
UID02,CID15,5
UID03,CID04,4
UID03,CID16,3
UID03,CID06,1
UID04,CID04,4
UID04,CID08,5
UID04,CID05,1
UID05,CID01,3
UID05,CID15,4
UID05,CID07,2
UID06,CID11,4
UID06,CID12,5
UID06,CID13,2
UID07,CID10,4
UID07,CID19,3
UID07,CID16,1
UID08,CID01,3
UID08,CID03,5
UID08,CID11,2
UID09,CID18,4
UID09,CID14,5
UID09,CID05,3
UID10,CID01,4
UID10,CID04,2
UID10,CID09,5
UID11,CID02,4
UID11,CID17,1
UID11,CID15,3
UID12,CID10,5
UID12,CID01,2
UID12,CID06,3
UID13,CID10,4
UID13,CID18,3
UID13,CID12,1
UID14,CID01,4
UID14,CID05,2
UID14,CID19,5
UID15,CID02,4
UID15,CID04,2
UID15,CID03,3
UID16,CID01,4
UID16,CID10,1
UID16,CID06,5
UID17,CID01,4
UID17,CID17,3
UID17,CID03,2
UID18,CID10,2
UID18,CID14,3
UID18,CID11,5
UID19,CID01,1
UID19,CID19,4
UID19,CID04,2
UID20,CID02,5
UID20,CID16,3
UID20,CID03,2
UID21,CID02,3
UID21,CID13,5
UID21,CID02,1
UID22,CID16,4
UID22,CID19,3
UID22,CID12,5
UID23,CID01,3
UID23,CID03,4
UID23,CID06,2
UID24,CID12,4
UID24,CID02,5
UID24,CID06,3
UID25,CID14,5
UID25,CID07,2
UID25,CID04,1
UID26,CID11,4
UID26,CID10,5
UID26,CID04,3
UID27,CID10,4
UID27,CID02,5
UID27,CID19,3
UID28,CID14,4
UID28,CID09,2
UID28,CID07,1
UID29,CID02,5
UID29,CID10,1
UID29,CID13,2
UID30,CID14,5
UID30,CID18,3
UID30,CID19,4
UID31,CID14,3
UID31,CID16,2
UID31,CID11,1
UID32,CID14,5
UID32,CID03,3
UID32,CID09,2
UID33,CID14,5
UID33,CID17,2
UID33,CID19,1
UID34,CID14,2
UID34,CID04,4
UID34,CID03,3
UID35,CID14,5
UID35,CID01,2
UID35,CID02,3
UID36,CID14,5
UID36,CID05,1
UID36,CID18,3
UID37,CID14,5
UID37,CID15,2
UID37,CID12,1
UID38,CID14,2
UID38,CID19,4
UID38,CID01,2
UID39,CID14,5
UID39,CID17,1
UID39,CID11,2
UID40,CID14,5
UID40,CID09,2
UID40,CID01,1
UID41,CID14,4
UID41,CID04,5
UID41,CID19,2
UID42,CID14,3
UID42,CID06,4
UID42,CID12,1
UID43,CID14,5
UID43,CID18,2
UID43,CID17,3
UID44,CID14,5
UID44,CID19,2
UID44,CID02,3
UID45,CID14,2
UID45,CID04,3
UID45,CID07,1
UID46,CID14,5
UID46,CID01,2
UID46,CID04,1
UID47,CID14,5
UID47,CID08,3
UID47,CID16,2
UID48,CID14,5
UID48,CID19,2
UID48,CID09,4
UID49,CID14,5
UID49,CID18,2
UID49,CID12,1
UID50,CID14,4
UID50,CID03,1
UID50,CID06,3
UID51,CID14,3
UID51,CID17,4
UID51,CID01,2
UID52,CID14,5
UID52,CID12,1
UID52,CID17,3
UID53,CID14,5
UID53,CID19,1
UID53,CID02,4
UID54,CID14,2
UID54,CID06,3
UID54,CID10,4
UID55,CID14,5
UID55,CID13,2
UID55,CID17,4
UID56,CID14,5
UID56,CID18,1
UID56,CID16,2
UID57,CID14,5
UID57,CID06,3
UID57,CID01,4
UID58,CID14,5
UID58,CID04,2
UID58,CID07,1
UID59,CID14,4
UID59,CID16,3
UID59,CID17,5
UID60,CID14,3
UID60,CID08,1
UID60,CID18,4
UID61,CID14,5
UID61,CID12,1
UID61,CID19,3
UID62,CID14,5
UID62,CID06,4
UID62,CID17,3
UID63,CID14,2
UID63,CID02,1
UID63,CID07,3
UID64,CID14,5
UID64,CID09,4
UID64,CID10,2
UID65,CID14,5
UID65,CID15,1
UID65,CID11,3
UID66,CID14,5
UID66,CID19,2
UID66,CID13,4
UID67,CID14,5
UID67,CID07,3
UID67,CID09,1
UID68,CID14,4
UID68,CID17,2
UID68,CID12,3
UID69,CID14,3
UID69,CID07,4
UID69,CID12,3
UID70,CID14,5
UID70,CID02,2
UID70,CID17,3
UID71,CID14,5
UID71,CID06,3
UID71,CID09,2
UID72,CID14,2
UID72,CID16,3
UID72,CID19,1
UID73,CID14,5
UID73,CID06,3
UID73,CID08,4
UID74,CID14,5
UID74,CID15,4
UID74,CID04,2
UID75,CID05,5
UID75,CID15,3
UID75,CID14,1
UID76,CID05,3
UID76,CID16,2
UID76,CID01,3
UID77,CID05,1
UID77,CID17,4
UID77,CID18,3
UID78,CID05,4
UID78,CID09,2
UID78,CID03,5
UID79,CID05,1
UID79,CID19,5
UID79,CID13,1
UID80,CID05,1
UID80,CID17,3
UID80,CID14,4
UID81,CID05,2
UID81,CID09,3
UID81,CID01,2
UID82,CID05,1
UID82,CID19,3
UID82,CID06,3
UID83,CID05,5
UID83,CID01,2
UID83,CID09,4
UID84,CID05,1
UID84,CID09,5
UID84,CID03,2
UID85,CID05,5
UID85,CID10,3
UID85,CID12,2
UID86,CID05,3
UID86,CID09,4
UID86,CID13,5
UID87,CID05,1
UID87,CID10,3
UID87,CID06,4
UID88,CID05,4
UID88,CID07,1
UID88,CID08,2
UID89,CID05,1
UID89,CID16,3
UID89,CID02,4
UID90,CID05,1
UID90,CID10,3
UID90,CID19,5
UID91,CID05,2
UID91,CID19,3
UID91,CID08,4
UID92,CID05,1
UID92,CID10,5
UID92,CID15,1
UID93,CID05,5
UID93,CID08,2
UID93,CID02,4
UID94,CID05,1
UID94,CID01,2
UID94,CID17,1
UID95,CID05,5
UID95,CID13,4
UID95,CID11,2
UID96,CID05,3
UID96,CID15,5
UID96,CID18,3
UID97,CID05,1
UID97,CID06,4
UID97,CID07,5
UID98,CID05,4
UID98,CID17,2
UID98,CID14,5
UID99,CID05,1
UID99,CID0,2
UID99,CID03,3
UID100,CID05,1
UID100,CID09,5
UID100,CID13,4
UID101,CID05,2
UID101,CID04,3
UID101,CID02,5
UID102,CID05,1
UID102,CID15,2
UID102,CID18,4
UID103,CID05,5
UID103,CID07,3
UID103,CID04,4
UID104,CID05,1
UID104,CID12,2
UID104,CID09,3
UID105,CID05,5
UID105,CID02,4
UID105,CID01,1
UID106,CID05,3
UID106,CID07,5
UID106,CID14,2
UID107,CID05,1
UID107,CID03,4
UID107,CID11,3
UID108,CID05,4
UID108,CID18,5
UID108,CID17,1
UID109,CID05,3
UID109,CID01,4
UID109,CID04,1
UID110,CID05,1
UID110,CID06,5
UID110,CID15,3
UID111,CID05,2
UID111,CID04,5
UID111,CID12,4
UID112,CID05,1
UID112,CID16,3
UID112,CID12,2
UID113,CID05,5
UID113,CID09,3
UID113,CID03,4
UID114,CID05,1
UID114,CID02,2
UID114,CID18,4
UID115,CID05,5
UID115,CID19,3
UID115,CID06,1
UID116,CID05,3
UID116,CID10,4
UID116,CID11,1
UID117,CID05,1
UID117,CID06,5
UID117,CID01,3
UID118,CID05,4
UID118,CID07,5
UID118,CID17,3
UID119,CID05,1
UID119,CID02,2
UID119,CID04,5
UID120,CID05,1
UID120,CID14,3
UID120,CID19,4
UID121,CID05,2
UID121,CID03,1
UID121,CID10,5
UID122,CID05,1
UID122,CID01,2
UID122,CID13,4
UID123,CID05,5
UID123,CID17,4
UID123,CID01,1
UID124,CID05,1
UID124,CID08,3
UID124,CID09,2
UID125,CID05,5
UID125,CID16,4
UID125,CID03,1
UID126,CID05,3
UID126,CID09,2
UID126,CID06,5
UID127,CID05,1
UID127,CID14,4
UID127,CID09,2
UID128,CID05,4
UID128,CID03,3
UID128,CID12,5
UID129,CID05,1
UID129,CID06,4
UID129,CID01,3
UID130,CID05,1
UID130,CID17,2
UID130,CID11,3
UID131,CID05,2
UID131,CID03,4
UID131,CID19,1
UID132,CID05,5
UID132,CID16,2
UID132,CID04,1
UID133,CID05,5
UID133,CID10,3
UID133,CID15,2
UID134,CID05,5
UID134,CID06,4
UID134,CID03,1
UID135,CID05,3
UID135,CID01,2
UID135,CID09,1
UID136,CID05,5
UID136,CID10,3
UID136,CID08,1
UID137,CID05,4
UID137,CID02,2
UID137,CID07,3
UID138,CID05,1
UID138,CID19,4
UID138,CID06,5
UID139,CID05,1
UID139,CID14,2
UID139,CID16,4
UID140,CID05,2
UID140,CID07,3
UID140,CID15,5
UID141,CID05,1
UID141,CID12,4
UID141,CID03,2
UID142,CID05,5
UID142,CID09,1
UID142,CID13,3
UID143,CID05,1
UID143,CID07,4
UID143,CID06,2
UID144,CID05,5
UID144,CID01,4
UID144,CID03,1
UID145,CID05,3
UID145,CID06,2
UID145,CID08,4
UID146,CID05,1
UID146,CID13,2
UID146,CID04,3
UID147,CID05,4
UID147,CID02,1
UID147,CID18,3
UID148,CID05,1
UID148,CID09,2
UID148,CID06,5
UID149,CID05,1
UID149,CID16,4
UID149,CID19,3
UID150,CID05,2
UID150,CID04,1
UID150,CID07,3
UID151,CID05,1
UID151,CID09,5
UID151,CID15,2
UID152,CID05,5
UID152,CID03,4
UID152,CID07,3
UID153,CID05,1
UID153,CID10,2
UID153,CID13,3
UID154,CID05,5
UID154,CID09,4
UID154,CID03,1
UID155,CID05,3
UID155,CID06,2
UID155,CID11,1
UID156,CID05,1
UID156,CID19,3
UID156,CID03,4
UID157,CID05,4
UID157,CID16,1
UID157,CID01,3
UID158,CID05,1
UID158,CID18,2
UID158,CID04,5
UID159,CID05,1
UID159,CID06,4
UID159,CID09,2
UID160,CID05,2
UID160,CID03,4
UID160,CID18,5
UID161,CID05,1
UID161,CID06,3
UID161,CID12,4
UID162,CID05,5
UID162,CID04,4
UID162,CID01,2
UID163,CID05,1
UID163,CID07,3
UID163,CID03,2
UID164,CID05,5
UID164,CID17,4
UID164,CID13,1
UID165,CID05,3
UID165,CID06,1
UID165,CID09,4
UID166,CID05,1
UID166,CID18,3
UID166,CID16,2
UID167,CID05,4
UID167,CID13,5
UID167,CID09,3
UID168,CID05,1
UID168,CID14,2
UID168,CID03,5
UID169,CID05,1
UID169,CID12,3
UID169,CID07,4
UID170,CID05,2
UID170,CID17,1
UID170,CID09,5
UID171,CID05,1
UID171,CID02,3
UID171,CID14,2
UID172,CID05,5
UID172,CID07,4
UID172,CID09,1
UID173,CID05,1
UID173,CID15,2
UID173,CID06,3
UID174,CID05,5
UID174,CID02,4
UID174,CID01,1
UID175,CID05,3
UID175,CID07,2
UID175,CID11,1
UID176,CID05,1
UID176,CID09,4
UID176,CID18,2
UID177,CID05,4
UID177,CID10,1
UID177,CID17,2
UID178,CID05,1
UID178,CID02,5
UID178,CID09,4
UID179,CID05,1
UID179,CID03,3
UID179,CID07,4
UID180,CID05,2
UID180,CID03,3
UID180,CID19,1
UID181,CID05,1
UID181,CID03,4
UID181,CID06,5
UID182,CID05,5
UID182,CID12,2
UID182,CID16,3
UID183,CID05,1
UID183,CID08,3
UID183,CID03,2
UID184,CID05,5
UID184,CID01,4
UID184,CID09,3
UID185,CID05,3
UID185,CID14,2
UID185,CID13,1
UID186,CID05,1
UID186,CID11,4
UID186,CID10,2
UID187,CID05,4
UID187,CID18,5
UID187,CID06,1
UID188,CID05,1
UID188,CID02,3
UID188,CID13,5
UID189,CID05,1
UID189,CID14,2
UID189,CID04,3
UID190,CID05,2
UID190,CID17,4
UID190,CID19,5
UID191,CID05,1
UID191,CID03,3
UID191,CID16,2
UID192,CID05,5
UID192,CID18,2
UID192,CID09,3
UID193,CID05,1
UID193,CID02,3
UID193,CID06,2
UID194,CID05,5
UID194,CID15,4
UID194,CID01,1
UID195,CID05,3
UID195,CID09,4
UID195,CID19,2
UID196,CID05,1
UID196,CID11,2
UID196,CID03,3
UID197,CID05,4
UID197,CID19,5
UID197,CID12,2
UID198,CID05,1
UID198,CID18,2
UID198,CID07,3
UID199,CID05,1
UID199,CID02,2
UID199,CID01,5
UID200,CID05,2
UID200,CID08,4
UID200,CID09,5
UID201,CID05,1
UID201,CID18,2
UID201,CID09,4
UID202,CID05,5
UID202,CID07,2
UID202,CID10,3
UID203,CID05,1
UID203,CID06,2
UID203,CID12,5
UID204,CID05,3
UID204,CID03,1
UID204,CID14,2
UID205,CID05,1
UID205,CID17,2
UID205,CID02,5
UID206,CID05,4
UID206,CID07,3
UID206,CID06,5
UID207,CID05,1
UID207,CID18,2
UID207,CID09,5
UID208,CID05,1
UID208,CID11,3
UID208,CID15,4
UID209,CID05,2
UID209,CID10,5
UID209,CID14,1
UID210,CID05,1
UID210,CID16,5
UID210,CID12,4
UID211,CID05,5
UID211,CID19,2
UID211,CID04,4
UID212,CID05,1
UID212,CID02,3
UID212,CID13,2
UID213,CID06,2
UID213,CID07,3
UID213,CID17,5
UID214,CID06,5
UID214,CID09,1
UID214,CID10,4
UID215,CID06,1
UID215,CID11,5
UID215,CID01,3
UID216,CID06,4
UID216,CID02,5
UID216,CID19,3
UID217,CID06,5
UID217,CID09,5
UID217,CID12,4
UID218,CID06,2
UID218,CID17,1
UID218,CID05,4
UID219,CID06,1
UID219,CID18,2
UID219,CID09,4
UID220,CID06,1
UID220,CID12,5
UID220,CID02,3
UID221,CID06,3
UID221,CID14,1
UID221,CID03,4
UID222,CID16,5
UID222,CID18,2
UID222,CID05,3
UID223,CID16,5
UID223,CID04,2
UID223,CID10,4
UID224,CID16,5
UID224,CID19,4
UID224,CID02,1
UID225,CID16,3
UID225,CID07,1
UID225,CID04,2
UID226,CID16,5
UID226,CID17,2
UID226,CID04,3
UID227,CID16,5
UID227,CID19,4
UID227,CID06,2
UID228,CID16,1
UID228,CID03,1
UID228,CID12,4
UID229,CID16,2
UID229,CID05,1
UID229,CID02,4
UID230,CID16,5
UID230,CID06,1
UID230,CID04,2
UID231,CID14,5
UID231,CID16,5
UID231,CID05,2
UID232,CID17,3
UID232,CID07,1
UID232,CID10,3
UID233,CID17,4
UID233,CID16,5
UID233,CID04,4
UID234,CID17,3
UID234,CID19,2
UID234,CID08,3
UID235,CID17,3
UID235,CID12,4
UID235,CID09,5
UID236,CID17,2
UID236,CID03,3
UID236,CID04,1
UID237,CID17,4
UID237,CID06,5
UID237,CID19,2
UID238,CID17,3
UID238,CID10,4
UID238,CID15,2
UID239,CID17,4
UID239,CID12,1
UID239,CID08,3
UID240,CID17,1
UID240,CID09,2
UID240,CID16,4
UID241,CID18,4
UID241,CID15,5
UID241,CID02,1
UID242,CID18,3
UID242,CID09,4
UID242,CID07,5
UID243,CID18,5
UID243,CID19,2
UID243,CID13,1
UID244,CID18,3
UID244,CID03,2
UID244,CID17,5
UID245,CID18,3
UID245,CID08,4
UID245,CID07,3
UID246,CID18,3
UID246,CID05,1
UID246,CID06,4
UID247,CID18,4
UID247,CID10,5
UID247,CID09,2
UID248,CID07,4
UID248,CID02,5
UID248,CID01,1
UID249,CID07,5
UID249,CID06,3
UID249,CID01,1
UID250,CID07,5
UID250,CID09,4
UID250,CID12,2
UID251,CID07,5
UID251,CID09,1
UID251,CID16,2
UID252,CID07,5
UID252,CID04,4
UID252,CID01,3
UID253,CID07,5
UID253,CID14,1
UID253,CID02,4
UID254,CID07,5
UID254,CID17,3
UID254,CID12,2
UID255,CID07,5
UID255,CID04,4
UID255,CID13,1
UID256,CID07,4
UID256,CID18,1
UID256,CID09,2
UID257,CID07,5
UID257,CID05,3
UID257,CID01,2
UID258,CID07,4
UID258,CID09,1
UID258,CID15,5
UID259,CID07,4
UID259,CID05,1
UID259,CID01,2
UID260,CID07,4
UID260,CID17,1
UID260,CID03,3
UID261,CID07,5
UID261,CID08,4
UID261,CID19,2
UID262,CID07,5
UID262,CID09,1
UID262,CID14,3
UID263,CID07,5
UID263,CID08,1
UID263,CID01,4
UID264,CID07,5
UID264,CID02,2
UID264,CID03,3
UID265,CID07,5
UID265,CID04,2
UID265,CID10,1
UID266,CID07,5
UID266,CID11,2
UID266,CID13,3
UID267,CID07,5
UID267,CID02,4
UID267,CID06,2
UID268,CID07,4
UID268,CID05,5
UID268,CID02,3
UID269,CID07,5
UID269,CID14,1
UID269,CID10,2
UID270,CID07,4
UID270,CID02,3
UID270,CID04,1
UID271,CID07,5
UID271,CID12,2
UID271,CID15,3
UID272,CID07,5
UID272,CID16,4
UID272,CID04,1
UID273,CID07,5
UID273,CID06,3
UID273,CID01,1
UID274,CID07,5
UID274,CID09,4
UID274,CID08,2
UID275,CID07,5
UID275,CID15,3
UID275,CID19,1
UID276,CID07,5
UID276,CID12,1
UID276,CID06,2
UID277,CID07,5
UID277,CID04,3
UID277,CID09,4
UID278,CID07,4
UID278,CID16,3
UID278,CID17,1
UID279,CID07,5
UID279,CID09,2
UID279,CID12,3
UID280,CID07,4
UID280,CID02,5
UID280,CID09,1
UID281,CID07,5
UID281,CID16,3
UID281,CID13,4
UID282,CID07,5
UID282,CID05,1
UID282,CID09,3
UID283,CID07,5
UID283,CID01,4
UID283,CID09,2
UID284,CID07,5
UID284,CID04,1
UID284,CID11,4
UID285,CID07,5
UID285,CID12,3
UID285,CID13,2
UID286,CID07,5
UID286,CID03,3
UID286,CID06,4
UID287,CID07,5
UID287,CID16,1
UID287,CID17,3
UID288,CID07,4
UID288,CID03,1
UID288,CID09,2
UID289,CID07,5
UID289,CID19,3
UID289,CID04,1
UID290,CID08,5
UID290,CID07,4
UID290,CID01,3
UID291,CID08,5
UID291,CID09,3
UID291,CID12,4
UID292,CID08,4
UID292,CID02,2
UID292,CID13,3
UID293,CID08,4
UID293,CID09,5
UID293,CID19,1
UID294,CID08,4
UID294,CID02,1
UID294,CID17,3
UID295,CID08,4
UID295,CID07,5
UID295,CID04,2
UID296,CID08,4
UID296,CID01,1
UID296,CID06,3
UID297,CID08,4
UID297,CID05,2
UID297,CID03,3
UID298,CID08,2
UID298,CID04,4
UID298,CID03,5
UID299,CID08,5
UID299,CID06,3
UID299,CID11,1
UID300,CID08,5
UID300,CID03,3
UID300,CID05,1
UID301,CID08,5
UID301,CID04,2
UID301,CID03,3
UID302,CID08,4
UID302,CID12,1
UID302,CID18,2
UID303,CID08,4
UID303,CID19,5
UID303,CID04,3
UID304,CID08,4
UID304,CID09,1
UID304,CID01,2
UID305,CID08,4
UID305,CID02,2
UID305,CID01,3
UID306,CID08,4
UID306,CID15,3
UID306,CID03,1
UID307,CID08,4
UID307,CID01,2
UID307,CID11,5
UID308,CID08,2
UID308,CID05,3
UID308,CID09,4
UID309,CID08,5
UID309,CID12,1
UID309,CID02,2
UID310,CID08,5
UID310,CID05,4
UID310,CID06,3
UID311,CID08,5
UID311,CID10,1
UID311,CID18,3
UID312,CID08,4
UID312,CID12,2
UID312,CID06,3
UID313,CID08,4
UID313,CID03,5
UID313,CID06,1
UID314,CID08,4
UID314,CID04,3
UID314,CID03,2
UID315,CID08,4
UID315,CID03,1
UID315,CID05,0
UID316,CID08,4
UID316,CID09,3
UID316,CID14,1
UID317,CID08,4
UID317,CID10,5
UID317,CID03,2
UID318,CID08,2
UID318,CID02,3
UID318,CID10,1
UID319,CID08,5
UID319,CID15,3
UID319,CID01,2
UID320,CID08,5
UID320,CID03,1
UID320,CID04,4
UID321,CID08,5
UID321,CID07,3
UID321,CID06,2
UID322,CID08,4
UID322,CID16,1
UID322,CID14,2
UID323,CID08,4
UID323,CID01,3
UID323,CID05,5
UID324,CID08,4
UID324,CID03,2
UID324,CID05,3
UID325,CID08,4
UID325,CID12,1
UID325,CID19,2
UID326,CID08,4
UID326,CID01,1
UID326,CID03,5
UID327,CID08,4
UID327,CID18,5
UID327,CID01,2
UID328,CID08,2
UID328,CID11,3
UID328,CID19,1
UID329,CID08,5
UID329,CID04,3
UID329,CID05,4
UID330,CID08,5
UID330,CID04,2
UID330,CID09,1
UID331,CID08,5
UID331,CID11,3
UID331,CID02,1
UID332,CID08,4
UID332,CID19,0
UID332,CID17,5
UID333,CID08,4
UID333,CID10,5
UID333,CID01,1
UID334,CID08,4
UID334,CID05,3
UID334,CID07,2
UID335,CID08,4
UID335,CID02,1
UID335,CID06,2
UID336,CID08,4
UID336,CID09,1
UID336,CID17,2
UID337,CID08,4
UID337,CID18,1
UID337,CID16,2
UID338,CID08,2
UID338,CID04,4
UID338,CID03,5
UID339,CID08,5
UID339,CID19,3
UID339,CID03,2
UID340,CID08,5
UID340,CID14,2
UID340,CID06,1
UID341,CID08,5
UID341,CID13,2
UID341,CID03,3
UID342,CID08,4
UID342,CID10,5
UID342,CID14,1
UID343,CID08,4
UID343,CID19,2
UID343,CID15,3
UID344,CID08,4
UID344,CID07,1
UID344,CID03,2
UID345,CID08,4
UID345,CID05,5
UID345,CID07,1
UID346,CID08,4
UID346,CID09,5
UID346,CID15,3
UID347,CID08,4
UID347,CID04,2
UID347,CID07,1
UID348,CID08,2
UID348,CID11,1
UID348,CID19,5
UID349,CID08,5
UID349,CID17,2
UID349,CID01,1
UID350,CID08,5
UID350,CID08,3
UID350,CID02,1
UID351,CID08,5
UID351,CID07,2
UID351,CID10,5
UID352,CID08,4
UID352,CID17,1
UID352,CID09,4
UID353,CID08,4
UID353,CID01,2
UID353,CID13,5
UID354,CID08,4
UID354,CID14,3
UID354,CID19,1
UID355,CID08,4
UID355,CID16,2
UID355,CID09,5
UID356,CID08,4
UID356,CID05,1
UID356,CID07,3
UID357,CID08,4
UID357,CID02,5
UID357,CID09,2
UID358,CID08,2
UID358,CID15,3
UID358,CID18,4
UID359,CID08,5
UID359,CID09,1
UID359,CID17,3
UID360,CID08,5
UID360,CID03,2
UID360,CID09,3
UID361,CID08,5
UID361,CID11,3
UID361,CID19,4
UID362,CID08,4
UID362,CID15,1
UID362,CID18,2
UID363,CID08,4
UID363,CID02,3
UID363,CID04,1
UID364,CID08,4
UID364,CID01,2
UID364,CID03,3
UID365,CID08,4
UID365,CID11,5
UID365,CID15,3
UID366,CID08,4
UID366,CID12,2
UID366,CID03,1
UID367,CID08,4
UID367,CID09,1
UID367,CID01,3
UID368,CID08,2
UID368,CID10,4
UID368,CID18,5
UID369,CID08,5
UID369,CID01,3
UID369,CID09,2
UID370,CID08,5
UID370,CID05,1
UID370,CID03,2
UID371,CID08,5
UID371,CID01,4
UID371,CID09,1
UID372,CID08,4
UID372,CID11,2
UID372,CID19,1
UID373,CID08,4
UID373,CID01,3
UID373,CID06,1
UID374,CID08,4
UID374,CID10,5
UID374,CID18,1
UID375,CID08,4
UID375,CID19,2
UID375,CID09,5
UID376,CID08,4
UID376,CID03,3
UID376,CID06,1
UID377,CID08,4
UID377,CID02,5
UID377,CID13,2
UID378,CID08,2
UID378,CID19,3
UID378,CID10,1
UID379,CID08,5
UID379,CID12,1
UID379,CID01,4
UID380,CID08,5
UID380,CID02,2
UID380,CID09,4
UID381,CID08,5
UID381,CID05,3
UID381,CID15,1
UID382,CID08,4
UID382,CID12,2
UID382,CID07,3
UID383,CID08,4
UID383,CID11,1
UID383,CID02,3
UID384,CID08,4
UID384,CID17,5
UID384,CID04,2
UID385,CID08,4
UID385,CID02,1
UID385,CID14,2
UID386,CID08,4
UID386,CID03,3
UID386,CID19,5
UID387,CID08,4
UID387,CID04,3
UID387,CID03,1
UID388,CID08,2
UID388,CID14,1
UID388,CID07,3
UID389,CID08,5
UID389,CID06,1
UID389,CID18,2
UID390,CID08,4
UID390,CID19,1
UID390,CID02,3
UID391,CID08,4
UID391,CID01,2
UID391,CID09,3
UID392,CID08,5
UID392,CID07,1
UID392,CID02,4
UID393,CID08,5
UID393,CID15,2
UID393,CID14,3
UID394,CID08,4
UID394,CID12,3
UID394,CID03,2
UID395,CID08,4
UID395,CID03,1
UID395,CID07,5
UID396,CID08,4
UID396,CID04,3
UID396,CID09,1
UID397,CID08,4
UID397,CID10,1
UID397,CID01,2
UID398,CID08,4
UID398,CID14,5
UID398,CID17,3
UID399,CID08,4
UID399,CID05,1
UID399,CID02,3
UID400,CID08,2
UID400,CID03,5
UID400,CID01,1
UID401,CID08,5
UID401,CID06,3
UID401,CID04,4
UID402,CID05,2
UID402,CID11,4
UID402,CID09,5
UID403,CID05,4
UID403,CID12,3
UID403,CID04,5
UID404,CID06,3
UID404,CID07,4
UID404,CID03,5
UID405,CID13,4
UID405,CID11,5
UID405,CID09,2
UID406,CID04,4
UID406,CID06,5
UID406,CID14,3
UID407,CID05,5
UID407,CID10,3
UID407,CID16,4
UID408,CID02,3
UID408,CID07,2
UID408,CID17,5
UID409,CID06,5
UID409,CID03,2
UID409,CID01,5
UID410,CID03,4
UID410,CID05,3
UID410,CID09,5
UID411,CID10,4
UID411,CID18,5
UID411,CID03,3
UID412,CID07,4
UID412,CID02,5
UID412,CID06,2
UID413,CID06,4
UID413,CID09,3
UID413,CID05,5
UID414,CID07,3
UID414,CID17,4
UID414,CID06,5
UID415,CID07,3
UID415,CID02,4
UID415,CID09,5
UID416,CID04,3
UID416,CID09,5
UID416,CID03,4
UID417,CID06,5
UID417,CID04,4
UID417,CID02,3
UID418,CID05,5
UID418,CID09,4
UID418,CID02,3
UID419,CID03,4
UID419,CID04,5
UID419,CID07,2
UID420,CID09,4
UID420,CID04,3
UID420,CID08,5
UID421,CID15,4
UID421,CID04,5
UID421,CID06,2
UID422,CID06,5
UID422,CID08,2
UID422,CID01,4
UID423,CID02,5
UID423,CID05,4
UID423,CID07,3
UID424,CID04,5
UID424,CID08,3
UID424,CID05,4
UID425,CID07,4
UID425,CID14,5
UID425,CID03,3
UID426,CID09,4
UID426,CID08,5
UID426,CID11,2
UID427,CID02,5
UID427,CID07,4
UID427,CID06,1
UID428,CID01,4
UID428,CID05,5
UID428,CID09,3
UID429,CID04,3
UID429,CID08,4
UID429,CID12,5
UID430,CID16,2
UID430,CID02,4
UID430,CID14,3
UID431,CID04,5
UID431,CID03,4
UID431,CID02,3
UID432,CID04,4
UID432,CID06,5
UID432,CID07,3
UID433,CID02,5
UID433,CID01,3
UID433,CID08,5
UID434,CID07,5
UID434,CID01,3
UID434,CID04,4
UID435,CID03,5
UID435,CID09,5
UID435,CID08,4
UID436,CID12,5
UID436,CID11,2
UID436,CID09,4
UID437,CID06,3
UID437,CID07,4
UID437,CID08,5
UID438,CID02,5
UID438,CID04,2
UID438,CID15,4
UID439,CID11,3
UID439,CID13,5
UID439,CID04,4
UID440,CID05,5
UID440,CID07,4
UID440,CID08,2
UID441,CID07,4
UID441,CID09,5
UID441,CID03,3
UID442,CID04,5
UID442,CID08,4
UID442,CID03,3
UID443,CID06,4
UID443,CID09,5
UID443,CID08,3
UID444,CID07,5
UID444,CID09,3
UID444,CID01,4
UID445,CID13,3
UID445,CID10,5
UID445,CID08,4
UID446,CID03,5
UID446,CID07,4
UID446,CID10,3
UID447,CID04,5
UID447,CID02,3
UID447,CID01,4
UID448,CID02,4
UID448,CID05,5
UID448,CID10,3
UID449,CID03,5
UID449,CID02,3
UID449,CID08,4
UID450,CID07,3
UID450,CID09,4
UID450,CID04,5
UID451,CID10,3
UID451,CID09,4
UID451,CID02,5
UID452,CID04,4
UID452,CID06,5
UID452,CID11,4
UID453,CID09,4
UID453,CID02,2
UID453,CID01,5
UID454,CID07,4
UID454,CID04,3
UID454,CID03,5
UID455,CID11,5
UID455,CID04,2
UID455,CID05,4
UID456,CID06,5
UID456,CID08,5
UID456,CID03,4
UID457,CID05,5
UID457,CID09,3
UID457,CID01,4
UID458,CID10,5
UID458,CID14,3
UID458,CID01,4
UID459,CID08,5
UID459,CID12,3
UID459,CID06,4
UID460,CID05,4
UID460,CID08,5
UID460,CID16,3
UID461,CID07,4
UID461,CID04,3
UID461,CID02,5
UID462,CID04,5
UID462,CID07,3
UID462,CID13,4
UID463,CID14,5
UID463,CID06,3
UID463,CID09,5
UID464,CID06,3
UID464,CID03,5
UID464,CID07,4
UID465,CID05,5
UID465,CID09,2
UID465,CID15,3
UID466,CID09,4
UID466,CID04,5
UID466,CID02,2
UID467,CID12,3
UID467,CID17,4
UID467,CID05,5
UID468,CID14,1
UID468,CID07,4
UID468,CID15,5
UID469,CID07,4
UID469,CID13,1
UID469,CID10,3
UID470,CID03,4
UID470,CID16,4
UID470,CID11,5
UID471,CID13,3
UID471,CID14,4
UID471,CID12,5
UID472,CID10,4
UID472,CID15,5
UID472,CID13,3
UID473,CID09,3
UID473,CID08,5
UID473,CID07,4
UID474,CID10,5
UID474,CID02,4
UID474,CID04,2
UID475,CID17,4
UID475,CID13,5
UID475,CID06,3
UID476,CID11,4
UID476,CID01,3
UID476,CID04,2
UID477,CID09,5
UID477,CID08,4
UID477,CID05,3
UID478,CID03,4
UID478,CID02,3
UID478,CID01,5
UID479,CID08,3
UID479,CID04,4
UID479,CID02,1
UID480,CID01,4
UID480,CID06,3
UID480,CID07,5
UID481,CID04,3
UID481,CID03,4
UID481,CID05,5
UID482,CID08,3
UID482,CID04,2
UID482,CID07,5
UID483,CID03,4
UID483,CID08,5
UID483,CID01,2
UID484,CID02,3
UID484,CID05,4
UID484,CID10,5
UID485,CID07,5
UID485,CID13,2
UID485,CID09,3
UID486,CID06,5
UID486,CID05,2
UID486,CID02,4
UID487,CID09,4
UID487,CID11,3
UID487,CID06,5
UID488,CID05,3
UID488,CID02,4
UID488,CID08,5
UID489,CID10,4
UID489,CID03,3
UID489,CID05,5
UID490,CID03,3
UID490,CID08,2
UID490,CID06,1
UID491,CID07,5
UID491,CID03,4
UID491,CID01,3
UID492,CID05,3
UID492,CID02,4
UID492,CID01,2
UID493,CID17,2
UID493,CID11,4
UID493,CID12,5
UID494,CID04,3
UID494,CID05,4
UID494,CID07,5
UID495,CID08,4
UID495,CID03,4
UID495,CID02,3
UID496,CID05,5
UID496,CID07,4
UID496,CID10,4
UID497,CID08,4
UID497,CID19,5
UID497,CID11,3
UID498,CID14,3
UID498,CID16,2
UID498,CID18,5
UID499,CID19,4
UID499,CID17,5
UID499,CID16,4
UID500,CID18,5
UID500,CID13,5
UID500,CID16,3
UID501,CID14,5
UID501,CID12,1
UID501,CID18,2
UID502,CID15,4
UID502,CID13,2
UID502,CID11,3
UID503,CID04,4
UID503,CID05,1
UID503,CID08,3
UID504,CID15,5
UID504,CID06,1
UID504,CID03,4
UID505,CID12,4
UID505,CID14,3
UID505,CID09,5
UID506,CID17,2
UID506,CID14,5
UID506,CID19,2
UID507,CID16,4
UID507,CID04,5
UID507,CID02,3
UID508,CID14,5
UID508,CID12,4
UID508,CID08,2
UID509,CID19,4
UID509,CID16,5
UID509,CID17,4
UID510,CID04,5
UID510,CID06,3
UID510,CID07,2
UID511,CID11,5
UID511,CID13,2
UID511,CID17,5
UID512,CID10,5
UID512,CID07,2
UID512,CID03,3
UID513,CID13,5
UID513,CID15,4
UID513,CID19,2
UID514,CID18,5
UID514,CID13,1
UID514,CID12,3
UID515,CID15,5
UID515,CID10,4
UID515,CID07,3
UID516,CID17,5
UID516,CID14,2
UID516,CID12,4
UID517,CID14,4
UID517,CID15,2
UID517,CID19,5
UID518,CID11,5
UID518,CID15,2
UID518,CID18,1
UID519,CID11,5
UID519,CID19,4
UID519,CID16,3
UID520,CID19,5
UID520,CID16,2
UID520,CID07,3
UID521,CID13,5
UID521,CID15,2
UID521,CID17,4
UID522,CID10,5
UID522,CID11,3
UID522,CID12,4
UID523,CID11,2
UID523,CID08,3
UID523,CID15,2
UID524,CID13,5
UID524,CID07,2
UID524,CID14,4
UID525,CID15,3
UID525,CID12,5
UID525,CID10,3
UID526,CID14,2
UID526,CID11,5
UID526,CID10,3
UID527,CID11,3
UID527,CID10,5
UID527,CID12,5
UID528,CID16,3
UID528,CID17,5
UID528,CID14,4
UID529,CID16,5
UID529,CID18,3
UID529,CID15,5
UID530,CID16,3
UID530,CID15,5
UID530,CID12,2
UID531,CID16,4
UID531,CID12,1
UID531,CID06,3
UID532,CID15,3
UID532,CID12,5
UID532,CID16,3
UID533,CID11,2
UID533,CID18,5
UID533,CID10,3
UID534,CID12,3
UID534,CID17,4
UID534,CID13,5
UID535,CID15,4
UID535,CID14,3
UID535,CID11,4
UID536,CID04,5
UID536,CID06,3
UID536,CID08,5
UID537,CID07,4
UID537,CID11,3
UID537,CID08,5
UID538,CID06,3
UID538,CID01,4
UID538,CID04,3
UID539,CID02,5
UID539,CID08,5
UID539,CID06,4
UID540,CID04,5
UID540,CID03,3
UID540,CID02,2
UID541,CID03,4
UID541,CID09,5
UID541,CID02,4
UID542,CID04,4
UID542,CID03,2
UID542,CID09,5
UID543,CID06,5
UID543,CID09,3
UID543,CID04,5
UID544,CID04,5
UID544,CID03,4
UID544,CID07,3
UID545,CID06,3
UID545,CID05,5
UID545,CID07,4
UID546,CID08,4
UID546,CID09,5
UID546,CID02,4
UID547,CID05,3
UID547,CID04,2
UID547,CID09,4
UID548,CID04,4
UID548,CID06,5
UID548,CID09,2
UID549,CID10,5
UID549,CID11,4
UID549,CID14,1
UID550,CID05,3
UID550,CID04,1
UID550,CID02,4
UID551,CID04,3
UID551,CID07,5
UID551,CID09,4
UID552,CID10,4
UID552,CID11,5
UID552,CID04,3
UID553,CID08,4
UID553,CID03,2
UID553,CID04,5
UID554,CID06,3
UID554,CID14,4
UID554,CID19,3
UID555,CID16,2
UID555,CID04,5
UID555,CID09,4
UID556,CID02,5
UID556,CID01,2
UID556,CID05,4
UID557,CID07,5
UID557,CID08,4
UID557,CID09,3
UID558,CID07,1
UID558,CID03,5
UID558,CID09,1
UID559,CID04,3
UID559,CID10,4
UID559,CID17,5
UID560,CID05,3
UID560,CID12,4
UID560,CID14,3
UID561,CID07,5
UID561,CID05,3
UID561,CID09,4
UID562,CID09,3
UID562,CID06,5
UID562,CID03,4
UID563,CID01,2
UID563,CID10,1
UID563,CID07,4
UID564,CID05,3
UID564,CID09,5
UID564,CID02,1
UID565,CID19,4
UID565,CID10,5
UID565,CID04,4
UID566,CID02,5
UID566,CID01,3
UID566,CID05,2
UID567,CID09,2
UID567,CID18,1
UID567,CID16,4
UID568,CID06,5
UID568,CID05,1
UID568,CID02,5
UID569,CID04,5
UID569,CID02,3
UID569,CID05,4
UID570,CID07,3
UID570,CID08,5
UID570,CID09,5
UID571,CID04,4
UID571,CID03,5
UID571,CID02,3
UID572,CID10,4
UID572,CID12,5
UID572,CID14,4
UID573,CID07,4
UID573,CID09,2
UID573,CID05,1
UID574,CID04,5
UID574,CID02,2
UID574,CID06,5
UID575,CID09,4
UID575,CID03,5
UID575,CID02,2
UID576,CID07,3
UID576,CID09,1
UID576,CID19,2
UID577,CID04,4
UID577,CID03,5
UID577,CID01,4
UID578,CID19,4
UID578,CID13,5
UID578,CID16,2
UID579,CID04,4
UID579,CID09,3
UID579,CID02,4
UID580,CID06,4
UID580,CID04,5
UID580,CID18,1
UID581,CID18,4
UID581,CID16,5
UID581,CID13,4
UID582,CID04,2
UID582,CID02,3
UID582,CID06,5
UID583,CID02,5
UID583,CID06,3
UID583,CID19,5
UID584,CID04,3
UID584,CID03,5
UID584,CID09,2
UID585,CID06,5
UID585,CID02,4
UID585,CID01,2
UID586,CID02,5
UID586,CID05,2
UID586,CID04,4
UID587,CID02,5
UID587,CID01,1
UID587,CID09,4
UID588,CID05,5
UID588,CID07,2
UID588,CID09,1
UID589,CID06,5
UID589,CID08,3
UID589,CID18,5
UID590,CID06,3
UID590,CID12,4
UID590,CID17,5
UID591,CID04,3
UID591,CID06,4
UID591,CID11,5
UID592,CID03,4
UID592,CID06,3
UID592,CID13,2
UID593,CID07,4
UID593,CID06,5
UID593,CID03,4
UID594,CID03,5
UID594,CID05,4
UID594,CID04,5
UID595,CID09,4
UID595,CID08,2
UID595,CID03,4
UID596,CID01,3
UID596,CID02,5
UID596,CID17,4
UID597,CID02,5
UID597,CID07,3
UID597,CID09,4
UID598,CID08,1
UID598,CID07,5
UID598,CID02,5
UID599,CID04,3
UID599,CID05,4
UID599,CID18,1
UID600,CID07,5
UID600,CID02,4
UID600,CID05,3
UID601,CID04,4
UID601,CID01,3
UID601,CID05,4
UID602,CID04,4
UID602,CID09,5
UID602,CID11,3
UID603,CID04,5
UID603,CID03,4
UID603,CID12,3
UID604,CID04,3
UID604,CID11,4
UID604,CID18,5
UID605,CID04,3
UID605,CID03,5
UID605,CID18,4
UID606,CID04,3
UID606,CID05,5
UID606,CID09,5
UID607,CID04,4
UID607,CID01,3
UID607,CID18,5
UID608,CID04,4
UID608,CID02,4
UID608,CID09,3
UID609,CID04,4
UID609,CID07,5
UID609,CID19,5
UID610,CID04,4
UID610,CID03,5
UID610,CID12,4
UID611,CID04,4
UID611,CID01,3
UID611,CID18,5
UID612,CID04,3
UID612,CID05,4
UID612,CID09,5
UID613,CID04,5
UID613,CID05,5
UID613,CID18,4
UID614,CID04,3
UID614,CID02,3
UID614,CID19,5
UID615,CID04,4
UID615,CID07,5
UID615,CID19,5
UID616,CID04,4
UID616,CID02,5
UID616,CID07,5
UID617,CID04,4
UID617,CID03,2
UID617,CID11,1
UID618,CID04,5
UID618,CID03,4
UID618,CID09,3
UID619,CID04,5
UID619,CID05,2
UID619,CID02,1
UID620,CID04,3
UID620,CID12,1
UID620,CID18,5
UID621,CID04,4
UID621,CID08,3
UID621,CID06,2
UID622,CID04,4
UID622,CID10,3
UID622,CID12,5
UID623,CID04,4
UID623,CID02,3
UID623,CID01,1
UID624,CID04,4
UID624,CID03,2
UID624,CID07,5
UID625,CID04,4
UID625,CID11,3
UID625,CID18,2
UID626,CID04,5
UID626,CID05,3
UID626,CID08,4
UID627,CID04,5
UID627,CID11,3
UID627,CID17,2
UID628,CID04,3
UID628,CID03,2
UID628,CID08,1
UID629,CID04,4
UID629,CID13,2
UID629,CID15,3
UID630,CID04,4
UID630,CID06,5
UID630,CID09,1
UID631,CID04,4
UID631,CID09,3
UID631,CID11,2
UID632,CID04,5
UID632,CID05,2
UID632,CID12,1
UID633,CID04,5
UID633,CID02,3
UID633,CID05,2
UID634,CID04,3
UID634,CID09,5
UID634,CID18,2
UID635,CID04,4
UID635,CID02,3
UID635,CID01,5
UID636,CID04,4
UID636,CID09,3
UID636,CID07,2
UID637,CID04,4
UID637,CID09,3
UID637,CID01,5
UID638,CID04,4
UID638,CID10,3
UID638,CID07,2
UID639,CID04,4
UID639,CID11,1
UID639,CID14,5
UID640,CID04,4
UID640,CID01,3
UID640,CID03,2
UID641,CID04,5
UID641,CID09,1
UID641,CID10,4
UID642,CID11,5
UID642,CID19,3
UID642,CID17,4
UID643,CID04,3
UID643,CID13,1
UID643,CID11,2
UID644,CID04,4
UID644,CID16,5
UID644,CID14,3
UID645,CID08,4
UID645,CID11,2
UID645,CID17,1
UID646,CID04,4
UID646,CID05,5
UID646,CID03,3
UID647,CID04,5
UID647,CID02,2
UID647,CID01,1
UID648,CID04,5
UID648,CID07,4
UID648,CID09,2
UID649,CID04,3
UID649,CID11,1
UID649,CID13,5
UID650,CID04,4
UID650,CID10,2
UID650,CID07,3
UID651,CID04,4
UID651,CID06,1
UID651,CID03,5
UID652,CID04,4
UID652,CID01,2
UID652,CID12,1
UID653,CID04,5
UID653,CID03,3
UID653,CID02,1
UID654,CID04,4
UID654,CID11,2
UID654,CID13,3
UID655,CID04,4
UID655,CID09,5
UID655,CID08,1
UID656,CID04,5
UID656,CID10,2
UID656,CID12,3
UID657,CID04,5
UID657,CID13,4
UID657,CID15,1
UID658,CID04,3
UID658,CID19,2
UID658,CID17,5
UID659,CID04,4
UID659,CID16,1
UID659,CID11,4
UID660,CID04,3
UID660,CID05,5
UID660,CID03,2
UID661,CID04,4
UID661,CID01,1
UID661,CID07,3
UID662,CID04,5
UID662,CID11,2
UID662,CID12,4
UID663,CID04,5
UID663,CID14,1
UID663,CID18,2
UID664,CID04,3
UID664,CID10,4
UID664,CID11,5
UID665,CID04,4
UID665,CID09,2
UID665,CID03,3
UID666,CID04,4
UID666,CID02,1
UID666,CID05,5
UID667,CID04,4
UID667,CID03,1
UID667,CID01,3
UID668,CID04,4
UID668,CID03,2
UID668,CID07,5
UID669,CID04,4
UID669,CID09,3
UID669,CID11,2
UID670,CID04,4
UID670,CID19,1
UID670,CID14,2
UID671,CID04,5
UID671,CID13,4
UID671,CID10,4
UID672,CID04,5
UID672,CID09,1
UID672,CID11,2
UID673,CID04,3
UID673,CID15,1
UID673,CID19,4
UID674,CID04,4
UID674,CID12,3
UID674,CID13,3
UID675,CID04,4
UID675,CID02,5
UID675,CID16,1
UID676,CID04,4
UID676,CID01,5
UID676,CID02,5
UID677,CID04,4
UID677,CID06,3
UID677,CID05,4
UID678,CID04,4
UID678,CID01,5
UID678,CID10,5
UID679,CID04,4
UID679,CID03,4
UID679,CID08,4
UID680,CID04,5
UID680,CID08,4
UID680,CID10,4
UID681,CID04,5
UID681,CID11,4
UID681,CID02,5
UID682,CID04,3
UID682,CID02,5
UID682,CID01,5
UID683,CID04,4
UID683,CID08,4
UID683,CID02,5
UID684,CID04,4
UID684,CID12,4
UID684,CID06,3
UID685,CID04,4
UID685,CID07,4
UID685,CID01,5
UID686,CID04,5
UID686,CID09,3
UID686,CID19,2
UID687,CID04,5
UID687,CID03,4
UID687,CID09,3
UID688,CID02,3
UID688,CID07,4
UID688,CID12,4
UID689,CID04,4
UID689,CID09,2
UID689,CID15,1
UID690,CID04,4
UID690,CID11,1
UID690,CID18,1
UID691,CID04,4
UID691,CID01,5
UID691,CID02,5
UID692,CID04,4
UID692,CID19,5
UID692,CID18,4
UID693,CID04,4
UID693,CID06,3
UID693,CID18,5
UID694,CID04,5
UID694,CID08,2
UID694,CID11,4
UID695,CID04,2
UID695,CID03,5
UID695,CID10,5
UID696,CID03,5
UID696,CID04,1
UID696,CID05,5
UID697,CID04,2
UID697,CID13,2
UID697,CID03,5
UID698,CID04,1
UID698,CID17,5
UID698,CID12,4
UID699,CID04,2
UID699,CID03,5
UID699,CID10,3
UID700,CID04,5
UID700,CID18,5
UID700,CID07,4
UID701,CID04,3
UID701,CID16,4
UID701,CID09,5
UID702,CID04,3
UID702,CID18,5
UID702,CID12,4
UID703,CID04,3
UID703,CID14,4
UID703,CID08,2
UID704,CID04,1
UID704,CID17,4
UID704,CID16,3
UID705,CID04,1
UID705,CID14,5
UID705,CID02,5
UID706,CID04,2
UID706,CID05,5
UID706,CID06,3
UID707,CID04,2
UID707,CID17,4
UID707,CID14,4
UID708,CID04,1
UID708,CID02,5
UID708,CID01,3
UID709,CID04,4
UID709,CID18,5
UID709,CID14,5
UID710,CID04,4
UID710,CID19,5
UID710,CID13,3
UID711,CID04,5
UID711,CID18,5
UID711,CID14,5
UID712,CID04,5
UID712,CID17,4
UID712,CID14,4
UID713,CID04,3
UID713,CID09,4
UID713,CID14,3
UID714,CID04,4
UID714,CID03,5
UID714,CID02,5
UID715,CID04,4
UID715,CID07,4
UID715,CID06,2
UID716,CID04,4
UID716,CID11,4
UID716,CID08,3
UID717,CID04,4
UID717,CID05,3
UID717,CID06,5
UID718,CID04,4
UID718,CID07,1
UID718,CID14,1
UID719,CID04,4
UID719,CID09,4
UID719,CID08,3
UID720,CID05,5
UID720,CID07,3
UID720,CID14,5
UID721,CID04,5
UID721,CID03,2
UID721,CID08,1
UID722,CID04,3
UID722,CID07,5
UID722,CID02,3
UID723,CID04,4
UID723,CID03,2
UID723,CID06,4
UID724,CID04,4
UID724,CID03,1
UID724,CID09,5
UID725,CID04,4
UID725,CID12,2
UID725,CID07,4
UID726,CID04,5
UID726,CID12,2
UID726,CID06,1
UID727,CID04,5
UID727,CID12,5
UID727,CID05,5
UID728,CID04,3
UID728,CID11,3
UID728,CID02,2
UID729,CID04,4
UID729,CID09,2
UID729,CID14,5
UID730,CID04,4
UID730,CID12,2
UID730,CID14,4
UID731,CID04,4
UID731,CID09,4
UID731,CID03,4
UID732,CID04,4
UID732,CID05,5
UID732,CID02,5
UID733,CID05,4
UID733,CID09,2
UID733,CID03,5
UID734,CID11,4
UID734,CID09,4
UID734,CID19,4
UID735,CID04,5
UID735,CID15,3
UID735,CID01,5
UID736,CID04,5
UID736,CID05,4
UID736,CID08,2
UID737,CID04,3
UID737,CID19,1
UID737,CID10,4
UID738,CID04,4
UID738,CID15,3
UID738,CID12,3
UID739,CID04,4
UID739,CID14,4
UID739,CID13,5
UID740,CID04,4
UID740,CID12,3
UID740,CID13,3
UID741,CID04,4
UID741,CID11,1
UID741,CID10,2
UID742,CID02,5
UID742,CID16,3
UID742,CID18,4
UID743,CID02,5
UID743,CID08,2
UID743,CID18,5
UID744,CID02,5
UID744,CID12,4
UID744,CID19,2
UID745,CID02,5
UID745,CID19,4
UID745,CID16,4
UID746,CID02,5
UID746,CID19,3
UID746,CID13,5
UID747,CID02,4
UID747,CID05,3
UID747,CID18,3
UID748,CID02,5
UID748,CID09,3
UID748,CID16,3
UID749,CID06,1
UID749,CID08,2
UID749,CID13,4
UID750,CID02,5
UID750,CID13,4
UID750,CID12,3
UID751,CID02,3
UID751,CID19,5
UID751,CID11,3
UID752,CID02,1
UID752,CID01,5
UID752,CID18,3
UID753,CID02,5
UID753,CID10,4
UID753,CID13,5
UID754,CID02,5
UID754,CID15,3
UID754,CID10,4
UID755,CID02,5
UID755,CID05,5
UID755,CID13,3
UID756,CID02,5
UID756,CID08,5
UID756,CID09,3
UID757,CID02,5
UID757,CID11,4
UID757,CID12,5
UID758,CID02,3
UID758,CID15,5
UID758,CID14,2
UID759,CID02,5
UID759,CID05,1
UID759,CID18,4
UID760,CID02,5
UID760,CID17,3
UID760,CID03,2
UID761,CID02,5
UID761,CID19,1
UID761,CID15,4
UID762,CID02,5
UID762,CID01,1
UID762,CID11,2
UID763,CID02,3
UID763,CID13,4
UID763,CID19,3
UID764,CID02,5
UID764,CID15,3
UID764,CID07,4
UID765,CID02,5
UID765,CID09,1
UID765,CID10,3
UID766,CID02,5
UID766,CID01,4
UID766,CID09,2
UID767,CID02,1
UID767,CID14,5
UID767,CID03,2
UID768,CID02,5
UID768,CID07,2
UID768,CID08,1
UID769,CID02,5
UID769,CID17,4
UID769,CID13,5
UID770,CID02,5
UID770,CID09,3
UID770,CID14,4
UID771,CID02,5
UID771,CID06,5
UID771,CID14,3
UID772,CID02,5
UID772,CID13,2
UID772,CID11,3
UID773,CID09,5
UID773,CID17,4
UID773,CID14,5
UID774,CID02,5
UID774,CID01,2
UID774,CID09,3
UID775,CID02,5
UID775,CID15,4
UID775,CID14,3
UID776,CID02,1
UID776,CID12,4
UID776,CID17,4
UID777,CID02,5
UID777,CID19,3
UID777,CID14,4
UID778,CID02,5
UID778,CID03,2
UID778,CID07,3
UID779,CID02,5
UID779,CID15,4
UID779,CID10,2
UID780,CID02,3
UID780,CID09,2
UID780,CID01,4
UID781,CID02,5
UID781,CID10,5
UID781,CID14,3
UID782,CID02,5
UID782,CID05,5
UID782,CID12,3
UID783,CID02,5
UID783,CID01,2
UID783,CID15,3
UID784,CID02,5
UID784,CID10,4
UID784,CID07,1
UID785,CID19,1
UID785,CID06,4
UID785,CID14,3
UID786,CID02,5
UID786,CID09,4
UID786,CID11,5
UID787,CID02,5
UID787,CID18,2
UID787,CID19,4
UID788,CID02,5
UID788,CID09,5
UID788,CID15,3
UID789,CID02,5
UID789,CID10,2
UID789,CID09,5
UID790,CID02,5
UID790,CID15,2
UID790,CID19,2
UID791,CID02,1
UID791,CID18,3
UID791,CID15,5
UID792,CID02,3
UID792,CID06,4
UID792,CID16,2
UID793,CID02,5
UID793,CID12,4
UID793,CID17,5
UID794,CID02,1
UID794,CID19,3
UID794,CID12,4
UID795,CID02,5
UID795,CID07,2
UID795,CID16,3
UID796,CID15,5
UID796,CID07,3
UID796,CID11,4
UID797,CID02,5
UID797,CID07,4
UID797,CID10,5
UID798,CID02,3
UID798,CID18,2
UID798,CID06,4
UID799,CID02,5
UID799,CID08,5
UID799,CID09,3
UID800,CID02,5
UID800,CID01,5
UID800,CID03,3
UID801,CID02,4
UID801,CID01,2
UID801,CID12,1
UID802,CID02,5
UID802,CID19,4
UID802,CID03,2
UID803,CID02,1
UID803,CID12,5
UID803,CID17,5
UID804,CID02,1
UID804,CID11,4
UID804,CID18,2
UID805,CID02,5
UID805,CID18,4
UID805,CID14,2
UID806,CID02,5
UID806,CID01,4
UID806,CID03,4
UID807,CID02,5
UID807,CID06,3
UID807,CID08,5
UID808,CID02,5
UID808,CID07,3
UID808,CID12,4
UID809,CID02,5
UID809,CID04,5
UID809,CID05,4
UID810,CID02,5
UID810,CID09,3
UID810,CID13,3
UID811,CID02,5
UID811,CID11,3
UID811,CID08,4
UID812,CID02,1
UID812,CID11,1
UID812,CID14,3
UID813,CID02,4
UID813,CID11,1
UID813,CID03,2
UID814,CID02,5
UID814,CID10,4
UID814,CID15,5
UID815,CID02,5
UID815,CID04,2
UID815,CID19,3
UID816,CID02,5
UID816,CID01,1
UID816,CID19,3
UID817,CID02,5
UID817,CID14,4
UID817,CID05,2
UID818,CID02,1
UID818,CID08,1
UID818,CID13,3
UID819,CID02,4
UID819,CID07,5
UID819,CID09,3
UID820,CID02,1
UID820,CID04,1
UID820,CID11,3
UID821,CID02,5
UID821,CID06,4
UID821,CID19,3
UID822,CID02,5
UID822,CID04,5
UID822,CID12,3
UID823,CID02,5
UID823,CID09,4
UID823,CID19,5
UID824,CID02,5
UID824,CID07,3
UID824,CID01,4
UID825,CID02,5
UID825,CID07,3
UID825,CID19,5
UID826,CID02,5
UID826,CID03,5
UID826,CID05,5
UID827,CID02,5
UID827,CID10,3
UID827,CID13,4
UID828,CID02,5
UID828,CID06,1
UID828,CID15,3
UID829,CID02,1
UID829,CID05,5
UID829,CID13,3
UID830,CID02,5
UID830,CID06,2
UID830,CID14,3
UID831,CID02,5
UID831,CID14,5
UID831,CID01,3
UID832,CID02,5
UID832,CID11,4
UID832,CID19,1
UID833,CID02,5
UID833,CID04,2
UID833,CID12,4
UID834,CID02,5
UID834,CID06,2
UID834,CID08,2
UID835,CID02,5
UID835,CID03,4
UID835,CID11,5
UID836,CID02,5
UID836,CID07,3
UID836,CID10,4
UID837,CID02,5
UID837,CID05,3
UID837,CID12,5
UID838,CID02,3
UID838,CID09,5
UID838,CID15,4
UID839,CID02,3
UID839,CID03,4
UID839,CID14,3
UID840,CID02,5
UID840,CID09,5
UID840,CID10,4
UID841,CID02,5
UID841,CID08,3
UID841,CID13,4
UID842,CID02,5
UID842,CID05,5
UID842,CID12,5
UID843,CID02,5
UID843,CID10,5
UID843,CID14,3
UID844,CID02,5
UID844,CID01,5
UID844,CID13,4
UID845,CID02,5
UID845,CID03,5
UID845,CID12,3
UID846,CID02,1
UID846,CID09,2
UID846,CID04,3
UID847,CID02,5
UID847,CID07,3
UID847,CID10,4
UID848,CID01,1
UID848,CID06,2
UID848,CID08,1
UID849,CID02,5
UID849,CID15,4
UID849,CID11,4
UID850,CID02,5
UID850,CID16,2
UID850,CID17,5
UID851,CID02,4
UID851,CID18,3
UID851,CID01,2
UID852,CID02,4
UID852,CID01,4
UID852,CID04,5
UID853,CID02,5
UID853,CID01,2
UID853,CID15,3
UID854,CID02,3
UID854,CID05,4
UID854,CID06,5
UID855,CID02,2
UID855,CID03,3
UID855,CID08,5
UID856,CID02,5
UID856,CID18,3
UID856,CID07,5
UID857,CID02,4
UID857,CID08,5
UID857,CID10,3
UID858,CID01,3
UID858,CID16,1
UID858,CID11,3
UID859,CID01,4
UID859,CID15,1
UID859,CID03,3
UID860,CID01,4
UID860,CID06,3
UID860,CID10,5
UID861,CID01,5
UID861,CID16,2
UID861,CID05,3
UID862,CID01,1
UID862,CID04,1
UID862,CID10,3
UID863,CID01,4
UID863,CID02,3
UID863,CID04,4
UID864,CID01,5
UID864,CID9,5
UID864,CID10,3
UID865,CID01,4
UID865,CID18,5
UID865,CID10,4
UID866,CID01,3
UID866,CID15,4
UID866,CID10,4
UID867,CID01,3
UID867,CID16,2
UID867,CID03,4
UID868,CID01,5
UID868,CID06,3
UID868,CID9,5
UID869,CID01,1
UID869,CID17,3
UID869,CID08,5
UID870,CID01,4
UID870,CID17,5
UID870,CID9,3
UID871,CID01,5
UID871,CID04,4
UID871,CID05,5
UID872,CID01,4
UID872,CID15,4
UID872,CID07,3
UID873,CID01,4
UID873,CID18,5
UID873,CID9,3
UID874,CID01,4
UID874,CID17,4
UID874,CID02,5
UID875,CID01,4
UID875,CID16,3
UID875,CID04,4
UID876,CID01,3
UID876,CID03,2
UID876,CID06,4
UID877,CID01,3
UID877,CID18,2
UID877,CID06,4
UID878,CID01,5
UID878,CID07,2
UID878,CID9,5
UID879,CID01,4
UID879,CID17,3
UID879,CID07,4
UID880,CID01,4
UID880,CID17,5
UID880,CID02,5
UID881,CID01,5
UID881,CID15,5
UID881,CID05,5
UID882,CID01,5
UID882,CID05,3
UID882,CID08,2
UID883,CID01,3
UID883,CID02,4
UID883,CID07,5
UID884,CID01,4
UID884,CID03,5
UID884,CID9,4
UID885,CID01,4
UID885,CID02,5
UID885,CID08,4
UID886,CID01,3
UID886,CID03,5
UID886,CID07,4
UID887,CID01,3
UID887,CID04,5
UID887,CID07,3
UID888,CID01,5
UID888,CID05,4
UID888,CID06,4
UID889,CID01,3
UID889,CID17,3
UID889,CID02,5
UID890,CID01,4
UID890,CID16,5
UID890,CID18,4
UID891,CID01,5
UID891,CID12,3
UID891,CID19,3
UID892,CID01,4
UID892,CID19,5
UID892,CID13,4
UID893,CID01,4
UID893,CID19,3
UID893,CID02,4
UID894,CID01,4
UID894,CID15,4
UID894,CID03,5
UID895,CID01,4
UID895,CID16,5
UID895,CID05,4
UID896,CID01,3
UID896,CID18,3
UID896,CID03,5
UID897,CID01,3
UID897,CID17,5
UID897,CID18,5
UID898,CID01,5
UID898,CID15,5
UID898,CID06,4
UID899,CID01,1
UID899,CID19,3
UID899,CID06,4
UID900,CID01,4
UID900,CID18,4
UID900,CID05,4
UID901,CID01,5
UID901,CID17,5
UID901,CID18,4
UID902,CID01,4
UID902,CID18,3
UID902,CID12,3
UID903,CID01,4
UID903,CID14,4
UID903,CID03,3
UID904,CID01,4
UID904,CID13,3
UID904,CID05,5
UID905,CID01,4
UID905,CID14,3
UID905,CID06,5
UID906,CID01,3
UID906,CID15,5
UID906,CID18,5
UID907,CID01,3
UID907,CID14,3
UID907,CID16,4
UID908,CID01,5
UID908,CID12,5
UID908,CID02,2
UID909,CID01,1
UID909,CID13,2
UID909,CID03,3
UID910,CID01,4
UID910,CID15,2
UID910,CID06,1
UID911,CID01,5
UID911,CID16,4
UID911,CID03,1
UID912,CID01,4
UID912,CID17,4
UID912,CID18,5
UID913,CID01,4
UID913,CID13,2
UID913,CID19,3
UID914,CID01,4
UID914,CID16,4
UID914,CID19,5
UID915,CID01,4
UID915,CID12,1
UID915,CID02,5
UID916,CID01,3
UID916,CID17,3
UID916,CID06,3
UID917,CID01,3
UID917,CID14,5
UID917,CID05,5
UID918,CID01,5
UID918,CID16,2
UID918,CID02,3
UID919,CID01,1
UID919,CID17,5
UID919,CID06,3
UID920,CID01,4
UID920,CID13,2
UID920,CID02,3
UID921,CID13,5
UID921,CID15,5
UID921,CID03,3
UID922,CID13,3
UID922,CID17,3
UID922,CID05,2
UID923,CID13,5
UID923,CID12,3
UID923,CID02,3
UID924,CID13,3
UID924,CID14,2
UID924,CID16,3
UID925,CID13,1
UID925,CID02,3
UID925,CID09,4
UID926,CID13,1
UID926,CID10,5
UID926,CID17,4
UID927,CID13,1
UID927,CID11,3
UID927,CID07,4
UID928,CID13,5
UID928,CID14,3
UID928,CID18,4
UID929,CID13,1
UID929,CID19,5
UID929,CID07,3
UID930,CID13,5
UID930,CID10,4
UID930,CID19,5
UID931,CID13,5
UID931,CID07,3
UID931,CID19,4
UID932,CID03,5
UID932,CID15,2
UID932,CID17,3
UID933,CID03,5
UID933,CID14,1
UID933,CID19,3
UID934,CID03,4
UID934,CID11,5
UID934,CID19,3
UID935,CID03,2
UID935,CID09,1
UID935,CID12,3
UID936,CID03,5
UID936,CID02,4
UID936,CID19,2
UID937,CID03,5
UID937,CID10,4
UID937,CID15,2
UID938,CID03,5
UID938,CID14,3
UID938,CID19,3
UID939,CID03,4
UID939,CID07,4
UID939,CID19,5
UID940,CID03,5
UID940,CID12,5
UID940,CID17,2
UID941,CID03,4
UID941,CID10,1
UID941,CID19,4
UID942,CID03,5
UID942,CID14,5
UID942,CID19,1
UID943,CID03,3
UID943,CID11,3
UID943,CID07,4
UID944,CID03,4
UID944,CID02,5
UID944,CID18,5
UID945,CID03,5
UID945,CID11,1
UID945,CID15,3
UID946,CID03,5
UID946,CID12,5
UID946,CID18,2
UID947,CID03,5
UID947,CID07,1
UID947,CID17,3
UID948,CID03,5
UID948,CID09,5
UID948,CID18,3
UID949,CID03,4
UID949,CID09,4
UID949,CID15,4
UID950,CID03,5
UID950,CID07,3
UID950,CID12,4
UID951,CID03,4
UID951,CID01,5
UID951,CID02,5
UID952,CID03,5
UID952,CID09,3
UID952,CID11,4
UID953,CID03,5
UID953,CID05,5
UID953,CID04,4
UID954,CID03,4
UID954,CID07,3
UID954,CID10,4
UID955,CID03,5
UID955,CID02,5
UID955,CID12,4
UID956,CID03,5
UID956,CID01,4
UID956,CID14,4
UID957,CID03,5
UID957,CID07,3
UID957,CID02,4
UID958,CID03,5
UID958,CID05,5
UID958,CID01,4
UID959,CID03,4
UID959,CID09,4
UID959,CID16,4
UID960,CID03,5
UID960,CID02,3
UID960,CID14,5
UID961,CID03,4
UID961,CID17,5
UID961,CID18,4
UID962,CID02,4
UID962,CID07,5
UID962,CID19,5
UID963,CID10,5
UID963,CID01,5
UID963,CID12,5
UID964,CID02,4
UID964,CID05,5
UID964,CID09,5
