userid,codingskill,socialskill,languageskill,programdev,frontenddev,backenddev,fullstack,mobiledev,webdev,uiux,salary,degreeid
UID01,ck1,sk1,ls0,pd0,fe0,be0,fs0,md0,wd0,u1,15 000,DID01
UID02,ck0,sk1,ls0,pd0,fe0,be0,fs0,md1,wd0,u0,15 000,DID01
UID03,ck1,sk0,ls0,pd0,fe0,be0,fs0,md0,wd0,u0,30 000,DID02
UID04,ck1,sk0,ls0,pd1,fe0,be0,fs0,md1,wd1,u0,30 000,DID01
UID05,ck1,sk0,ls0,pd0,fe0,be0,fs0,md0,wd0,u0,10 000,DID02
UID06,ck0,sk0,ls0,pd1,fe0,be0,fs0,md0,wd0,u0,10 000,DID02
UID07,ck0,sk0,ls0,pd0,fe0,be0,fs0,md0,wd0,u0,10 000,DID03
UID08,ck0,sk0,ls0,pd1,fe0,be0,fs0,md0,wd0,u0,13 800,DID01
UID09,ck0,sk0,ls0,pd0,fe0,be0,fs0,md0,wd1,u0,15 000,DID01
UID10,ck0,sk0,ls0,pd0,fe0,be0,fs0,md0,wd0,u0,15 000,DID03
UID11,ck1,sk1,ls1,pd0,fe0,be0,fs0,md0,wd1,u0,35 000,DID02
UID12,ck1,sk1,ls0,pd0,fe0,be0,fs0,md0,wd0,u0,10 000,DID02
UID13,ck0,sk1,ls1,pd0,fe0,be0,fs0,md1,wd1,u0,10 000,DID01
UID14,ck1,sk0,ls0,pd0,fe0,be0,fs0,md0,wd0,u0,14 000,DID02
UID15,ck1,sk0,ls1,pd0,fe0,be0,fs0,md0,wd0,u0,30 000,DID03
UID16,ck0,sk1,ls0,pd0,fe0,be0,fs0,md1,wd1,u0,11 000,DID03
UID17,ck1,sk1,ls0,pd0,fe0,be0,fs1,md0,wd1,u0,80 000,DID02
UID18,ck1,sk0,ls0,pd0,fe0,be0,fs1,md0,wd1,u0,10 000,DID02
UID19,ck1,sk1,ls1,pd0,fe0,be0,fs1,md0,wd1,u0,15 000,DID01
UID20,ck1,sk1,ls1,pd0,fe0,be0,fs0,md0,wd0,u0,30 000,DID01
UID21,ck0,sk0,ls0,pd0,fe0,be0,fs0,md0,wd0,u0,12 000,DID03
UID22,ck0,sk0,ls0,pd1,fe0,be0,fs0,md0,wd1,u0,25 000,DID04
UID23,ck0,sk0,ls0,pd1,fe0,be0,fs0,md0,wd0,u0,11 000,DID02
UID24,ck0,sk0,ls0,pd0,fe0,be0,fs0,md1,wd0,u0,10 000,DID02
UID25,ck0,sk0,ls0,pd1,fe1,be0,fs0,md0,wd0,u0,20 000,DID02
UID26,ck0,sk0,ls0,pd1,fe0,be0,fs0,md0,wd0,u0,10 000,DID02
UID27,ck0,sk0,ls0,pd0,fe0,be0,fs0,md0,wd0,u0,10 000,DID03
UID28,ck0,sk0,ls0,pd1,fe0,be0,fs0,md0,wd0,u0,10 000,DID02
UID29,ck0,sk0,ls0,pd1,fe0,be0,fs0,md1,wd0,u0,30 000,DID03
UID30,ck0,sk0,ls0,pd1,fe0,be0,fs0,md0,wd0,u0,15 000,DID02
UID31,ck0,sk0,ls0,pd1,fe0,be0,fs0,md0,wd0,u0,15 000,DID02
UID32,ck0,sk0,ls0,pd1,fe0,be0,fs0,md0,wd0,u0,15 000,DID02
UID33,ck0,sk0,ls0,pd1,fe0,be0,fs0,md0,wd0,u0,15 000,DID02
UID34,ck0,sk0,ls0,pd1,fe0,be0,fs0,md0,wd0,u0,15 000,DID02
UID35,ck0,sk0,ls0,pd1,fe0,be0,fs0,md0,wd0,u0,15 000,DID02
UID36,ck0,sk0,ls0,pd1,fe0,be0,fs0,md0,wd0,u0,20 000,DID02
UID37,ck0,sk0,ls0,pd1,fe0,be0,fs0,md0,wd1,u0,20 000,DID02
UID38,ck0,sk0,ls0,pd1,fe0,be0,fs0,md0,wd1,u0,20 000,DID01
UID39,ck0,sk0,ls0,pd1,fe0,be0,fs0,md0,wd1,u0,20 000,DID02
UID40,ck0,sk0,ls0,pd1,fe0,be0,fs0,md0,wd1,u0,20 000,DID02
UID41,ck0,sk0,ls0,pd1,fe0,be0,fs1,md0,wd1,u0,20 000,DID02
UID42,ck0,sk0,ls0,pd1,fe0,be0,fs1,md0,wd1,u0,20 000,DID01
UID43,ck0,sk0,ls0,pd1,fe0,be0,fs1,md0,wd1,u0,20 000,DID01
UID44,ck0,sk0,ls0,pd1,fe0,be0,fs1,md0,wd1,u0,20 000,DID02
UID45,ck0,sk0,ls0,pd1,fe0,be0,fs1,md0,wd1,u0,20 000,DID02
UID46,ck0,sk0,ls0,pd1,fe0,be0,fs1,md0,wd1,u0,20 000,DID02
UID47,ck0,sk0,ls0,pd1,fe0,be0,fs1,md0,wd1,u0,20 000,DID02
UID48,ck0,sk0,ls0,pd1,fe0,be0,fs1,md0,wd1,u0,15 000,DID02
UID49,ck0,sk0,ls0,pd1,fe0,be0,fs1,md0,wd1,u0,15 000,DID01
UID50,ck0,sk0,ls0,pd1,fe0,be0,fs1,md0,wd1,u0,15 000,DID02
UID51,ck0,sk0,ls0,pd1,fe0,be0,fs0,md0,wd0,u0,15 000,DID02
UID52,ck0,sk0,ls0,pd1,fe0,be0,fs0,md0,wd0,u0,15 000,DID01
UID53,ck0,sk0,ls0,pd1,fe0,be0,fs0,md0,wd0,u0,15 000,DID02
UID54,ck0,sk0,ls0,pd1,fe0,be0,fs0,md0,wd0,u0,15 000,DID02
UID55,ck0,sk0,ls0,pd1,fe0,be0,fs0,md0,wd0,u0,15 000,DID02
UID56,ck0,sk0,ls0,pd1,fe0,be0,fs0,md0,wd0,u0,15 000,DID01
UID57,ck0,sk0,ls0,pd1,fe0,be0,fs0,md0,wd1,u0,20 000,DID02
UID58,ck0,sk0,ls0,pd1,fe0,be0,fs0,md0,wd1,u0,20 000,DID02
UID59,ck0,sk0,ls0,pd1,fe0,be0,fs0,md0,wd1,u0,20 000,DID02
UID60,ck0,sk0,ls0,pd1,fe0,be0,fs1,md0,wd1,u0,20 000,DID01
UID61,ck0,sk0,ls0,pd1,fe0,be0,fs1,md0,wd1,u0,20 000,DID02
UID62,ck0,sk0,ls0,pd1,fe0,be0,fs1,md0,wd1,u0,20 000,DID01
UID63,ck0,sk0,ls0,pd1,fe0,be0,fs1,md0,wd1,u0,20 000,DID02
UID64,ck0,sk0,ls0,pd1,fe0,be0,fs0,md0,wd0,u0,20 000,DID01
UID65,ck0,sk0,ls0,pd1,fe0,be0,fs0,md0,wd0,u0,20 000,DID01
UID66,ck0,sk0,ls0,pd1,fe0,be0,fs0,md0,wd0,u0,20 000,DID02
UID67,ck0,sk0,ls0,pd1,fe0,be0,fs0,md0,wd0,u0,20 000,DID01
UID68,ck0,sk0,ls0,pd1,fe0,be0,fs0,md0,wd0,u0,20 000,DID02
UID69,ck0,sk0,ls0,pd1,fe0,be0,fs0,md0,wd0,u0,20 000,DID02
UID70,ck0,sk0,ls0,pd1,fe0,be0,fs0,md0,wd1,u0,20 000,DID01
UID71,ck0,sk0,ls0,pd1,fe0,be0,fs0,md0,wd1,u0,20 000,DID01
UID72,ck0,sk0,ls0,pd1,fe0,be0,fs0,md0,wd1,u0,20 000,DID01
UID73,ck0,sk0,ls0,pd1,fe0,be0,fs0,md0,wd1,u0,20 000,DID02
UID74,ck0,sk0,ls0,pd1,fe0,be0,fs0,md0,wd1,u0,20 000,DID01
UID75,ck0,sk0,ls0,pd1,fe0,be0,fs0,md0,wd1,u0,30 000,DID02
UID76,ck0,sk0,ls0,pd1,fe0,be0,fs1,md0,wd1,u0,30 000,DID02
UID77,ck1,sk1,ls1,pd0,fe0,be0,fs1,md0,wd1,u0,30 000,DID02
UID78,ck1,sk1,ls1,pd0,fe0,be0,fs1,md0,wd1,u0,30 000,DID02
UID79,ck1,sk1,ls1,pd0,fe0,be0,fs1,md0,wd1,u0,30 000,DID02
UID80,ck0,sk0,ls0,pd1,fe0,be0,fs1,md0,wd1,u0,30 000,DID02
UID81,ck0,sk0,ls0,pd1,fe0,be0,fs1,md0,wd1,u0,30 000,DID02
UID82,ck1,sk1,ls1,pd0,fe0,be0,fs1,md0,wd1,u0,30 000,DID02
UID83,ck0,sk0,ls0,pd1,fe0,be0,fs1,md0,wd1,u0,30 000,DID02
UID84,ck1,sk1,ls1,pd0,fe0,be0,fs0,md0,wd0,u0,30 000,DID02
UID85,ck1,sk1,ls1,pd0,fe0,be0,fs0,md0,wd0,u0,30 000,DID02
UID86,ck0,sk0,ls0,pd1,fe0,be0,fs1,md0,wd1,u0,20 000,DID02
UID87,ck0,sk0,ls0,pd1,fe0,be0,fs1,md0,wd1,u0,20 000,DID02
UID88,ck0,sk0,ls0,pd1,fe0,be0,fs1,md0,wd1,u0,20 000,DID02
UID89,ck1,sk1,ls1,pd0,fe0,be0,fs1,md0,wd1,u0,20 000,DID02
UID90,ck1,sk1,ls1,pd0,fe0,be0,fs1,md0,wd1,u0,20 000,DID02
UID91,ck1,sk1,ls1,pd0,fe0,be0,fs0,md0,wd0,u0,20 000,DID02
UID92,ck0,sk0,ls0,pd1,fe0,be0,fs0,md0,wd0,u0,20 000,DID02
UID93,ck1,sk1,ls1,pd0,fe0,be0,fs0,md0,wd0,u0,20 000,DID02
UID94,ck0,sk0,ls0,pd1,fe0,be0,fs0,md0,wd0,u0,20 000,DID02
UID95,ck1,sk1,ls1,pd0,fe0,be0,fs0,md0,wd0,u0,30 000,DID02
UID96,ck1,sk1,ls1,pd0,fe0,be0,fs0,md0,wd0,u0,30 000,DID02
UID97,ck1,sk1,ls1,pd0,fe0,be0,fs0,md0,wd0,u0,30 000,DID02
UID98,ck0,sk0,ls0,pd1,fe0,be0,fs0,md0,wd0,u0,30 000,DID02
UID99,ck0,sk0,ls0,pd1,fe0,be0,fs0,md0,wd0,u0,30 000,DID02
UID100,ck1,sk1,ls1,pd0,fe0,be0,fs0,md0,wd0,u0,30 000,DID02
UID101,ck1,sk1,ls1,pd0,fe0,be0,fs0,md0,wd0,u0,30 000,DID02
UID102,ck0,sk0,ls0,pd1,fe0,be0,fs0,md0,wd0,u0,30 000,DID02
UID103,ck1,sk1,ls1,pd0,fe0,be0,fs0,md0,wd0,u0,30 000,DID02
UID104,ck0,sk0,ls0,pd1,fe0,be0,fs0,md1,wd0,u0,30 000,DID02
UID105,ck0,sk1,ls0,pd0,fe0,be0,fs0,md0,wd0,u0,20 000,DID03
UID106,ck0,sk0,ls0,pd1,fe0,be0,fs0,md0,wd0,u0,20 000,DID03
UID107,ck0,sk1,ls0,pd0,fe0,be0,fs0,md0,wd0,u0,20 000,DID03
UID108,ck0,sk1,ls0,pd0,fe0,be0,fs0,md0,wd0,u0,20 000,DID03
UID109,ck0,sk0,ls0,pd1,fe0,be0,fs0,md0,wd0,u0,20 000,DID03
UID110,ck0,sk0,ls0,pd1,fe0,be0,fs0,md0,wd0,u0,20 000,DID03
UID111,ck0,sk0,ls0,pd1,fe0,be0,fs0,md0,wd0,u0,20 000,DID03
UID112,ck0,sk1,ls0,pd0,fe0,be0,fs0,md0,wd0,u0,20 000,DID03
UID113,ck0,sk1,ls0,pd0,fe0,be0,fs0,md0,wd0,u0,20 000,DID03
UID114,ck0,sk0,ls0,pd1,fe0,be0,fs0,md0,wd0,u0,20 000,DID03
UID115,ck0,sk0,ls0,pd1,fe0,be0,fs0,md1,wd0,u0,30 000,DID02
UID116,ck0,sk1,ls0,pd0,fe0,be0,fs0,md1,wd0,u0,30 000,DID02
UID117,ck0,sk0,ls0,pd1,fe0,be0,fs0,md1,wd0,u0,30 000,DID02
UID118,ck0,sk1,ls0,pd0,fe0,be0,fs0,md1,wd0,u0,30 000,DID02
UID119,ck0,sk1,ls0,pd0,fe0,be0,fs0,md1,wd0,u0,30 000,DID02
UID120,ck0,sk0,ls0,pd1,fe0,be0,fs0,md1,wd0,u0,30 000,DID02
UID121,ck0,sk0,ls0,pd1,fe0,be0,fs0,md1,wd0,u0,30 000,DID02
UID122,ck1,sk1,ls1,pd0,fe0,be0,fs0,md0,wd0,u0,30 000,DID02
UID123,ck0,sk0,ls0,pd1,fe0,be0,fs0,md0,wd0,u0,30 000,DID02
UID124,ck1,sk1,ls1,pd0,fe0,be0,fs0,md1,wd0,u0,30 000,DID02
UID125,ck0,sk0,ls0,pd1,fe0,be0,fs0,md0,wd0,u0,20 000,DID03
UID126,ck0,sk0,ls0,pd1,fe0,be0,fs0,md0,wd0,u0,20 000,DID03
UID127,ck0,sk1,ls0,pd0,fe0,be0,fs0,md0,wd0,u0,20 000,DID03
UID128,ck0,sk1,ls0,pd0,fe0,be0,fs0,md0,wd0,u0,20 000,DID03
UID129,ck0,sk1,ls0,pd0,fe0,be0,fs0,md0,wd0,u0,20 000,DID03
UID130,ck1,sk1,ls1,pd0,fe0,be0,fs0,md0,wd0,u0,20 000,DID03
UID131,ck0,sk1,ls0,pd0,fe0,be0,fs0,md0,wd0,u0,20 000,DID03
UID132,ck0,sk1,ls0,pd0,fe0,be0,fs0,md0,wd0,u0,20 000,DID03
UID133,ck0,sk1,ls0,pd0,fe0,be0,fs0,md0,wd0,u0,20 000,DID03
UID134,ck0,sk1,ls0,pd0,fe0,be0,fs0,md1,wd0,u0,30 000,DID02
UID135,ck1,sk1,ls1,pd0,fe0,be0,fs0,md1,wd0,u0,30 000,DID02
UID136,ck0,sk0,ls0,pd1,fe0,be0,fs0,md1,wd0,u0,30 000,DID02
UID137,ck0,sk0,ls0,pd1,fe0,be0,fs0,md1,wd0,u0,30 000,DID02
UID138,ck1,sk1,ls1,pd0,fe0,be0,fs0,md1,wd0,u0,30 000,DID03
UID139,ck1,sk1,ls1,pd0,fe0,be0,fs0,md1,wd0,u0,30 000,DID03
UID140,ck1,sk1,ls1,pd0,fe0,be0,fs0,md1,wd0,u0,30 000,DID01
UID141,ck0,sk0,ls0,pd1,fe0,be0,fs1,md0,wd1,u0,30 000,DID02
UID142,ck1,sk1,ls1,pd0,fe0,be0,fs1,md0,wd1,u0,30 000,DID02
UID143,ck0,sk0,ls0,pd1,fe0,be0,fs1,md0,wd1,u0,30 000,DID02
UID144,ck1,sk1,ls1,pd0,fe0,be0,fs1,md0,wd1,u0,20 000,DID01
UID145,ck1,sk1,ls1,pd0,fe0,be0,fs1,md0,wd1,u0,20 000,DID02
UID146,ck0,sk0,ls0,pd1,fe0,be0,fs1,md0,wd1,u0,20 000,DID02
UID147,ck0,sk0,ls0,pd1,fe0,be0,fs0,md1,wd0,u0,20 000,DID01
UID148,ck1,sk1,ls1,pd0,fe0,be0,fs0,md1,wd0,u0,20 000,DID01
UID149,ck1,sk1,ls1,pd0,fe0,be0,fs0,md0,wd0,u0,20 000,DID02
UID150,ck0,sk0,ls0,pd1,fe0,be0,fs0,md0,wd0,u0,20 000,DID01
UID151,ck1,sk1,ls1,pd0,fe0,be0,fs0,md1,wd0,u0,20 000,DID01
UID152,ck1,sk1,ls1,pd0,fe0,be0,fs0,md0,wd0,u0,20 000,DID02
UID153,ck0,sk0,ls0,pd1,fe0,be0,fs0,md0,wd0,u0,20 000,DID02
UID154,ck1,sk1,ls1,pd0,fe0,be0,fs0,md1,wd0,u0,20 000,DID02
UID155,ck0,sk0,ls0,pd1,fe0,be0,fs0,md1,wd0,u0,20 000,DID01
UID156,ck0,sk0,ls0,pd1,fe0,be0,fs0,md1,wd0,u0,20 000,DID01
UID157,ck1,sk1,ls1,pd0,fe0,be0,fs0,md0,wd0,u0,20 000,DID02
UID158,ck1,sk1,ls1,pd0,fe0,be0,fs0,md0,wd0,u0,20 000,DID02
UID159,ck0,sk0,ls0,pd1,fe0,be0,fs0,md1,wd0,u0,20 000,DID01
UID160,ck0,sk1,ls0,pd0,fe0,be0,fs1,md0,wd1,u0,20 000,DID02
UID161,ck1,sk1,ls1,pd0,fe0,be0,fs1,md0,wd1,u0,20 000,DID02
UID162,ck0,sk1,ls0,pd0,fe0,be0,fs1,md0,wd1,u0,20 000,DID02
UID163,ck1,sk1,ls1,pd0,fe0,be0,fs1,md0,wd1,u0,20 000,DID02
UID164,ck0,sk0,ls0,pd1,fe0,be0,fs0,md0,wd0,u0,30 000,DID03
UID165,ck0,sk1,ls0,pd0,fe0,be0,fs0,md0,wd0,u0,30 000,DID03
UID166,ck1,sk1,ls1,pd0,fe0,be0,fs0,md0,wd0,u0,30 000,DID03
UID167,ck0,sk0,ls0,pd1,fe0,be0,fs0,md0,wd0,u0,30 000,DID03
UID168,ck0,sk0,ls0,pd1,fe0,be0,fs0,md0,wd0,u0,30 000,DID03
UID169,ck0,sk0,ls0,pd1,fe0,be0,fs0,md0,wd0,u0,30 000,DID03
UID170,ck1,sk1,ls1,pd0,fe0,be0,fs0,md0,wd0,u0,30 000,DID03
UID171,ck0,sk0,ls0,pd1,fe0,be0,fs0,md0,wd0,u0,30 000,DID03
UID172,ck1,sk1,ls1,pd0,fe0,be0,fs0,md0,wd0,u0,30 000,DID03
UID173,ck0,sk0,ls0,pd1,fe0,be0,fs0,md0,wd0,u1,30 000,DID03
UID174,ck0,sk0,ls0,pd1,fe0,be0,fs0,md0,wd0,u1,20 000,DID03
UID175,ck0,sk0,ls0,pd1,fe0,be0,fs0,md0,wd0,u1,20 000,DID03
UID176,ck1,sk1,ls1,pd0,fe0,be0,fs0,md0,wd0,u0,20 000,DID03
UID177,ck0,sk0,ls0,pd1,fe0,be0,fs0,md0,wd0,u0,20 000,DID03
UID178,ck0,sk0,ls0,pd1,fe0,be0,fs0,md0,wd0,u0,20 000,DID03
UID179,ck1,sk1,ls1,pd0,fe0,be0,fs0,md0,wd0,u0,20 000,DID03
UID180,ck0,sk0,ls0,pd1,fe0,be0,fs0,md0,wd0,u0,20 000,DID03
UID181,ck1,sk1,ls1,pd0,fe0,be0,fs0,md0,wd0,u1,20 000,DID03
UID182,ck1,sk1,ls1,pd0,fe0,be0,fs0,md0,wd0,u1,20 000,DID03
UID183,ck0,sk0,ls0,pd1,fe0,be0,fs0,md0,wd0,u1,20 000,DID03
UID184,ck0,sk0,ls0,pd1,fe0,be0,fs0,md0,wd0,u0,30 000,DID03
UID185,ck1,sk1,ls1,pd0,fe0,be0,fs0,md0,wd0,u0,30 000,DID03
UID186,ck1,sk1,ls1,pd0,fe0,be0,fs0,md0,wd0,u0,30 000,DID03
UID187,ck0,sk0,ls0,pd1,fe0,be0,fs0,md0,wd0,u0,30 000,DID03
UID188,ck1,sk1,ls1,pd0,fe0,be0,fs0,md0,wd0,u0,30 000,DID03
UID189,ck0,sk0,ls0,pd1,fe0,be0,fs1,md0,wd1,u0,30 000,DID01
UID190,ck1,sk1,ls1,pd0,fe0,be0,fs0,md0,wd0,u1,30 000,DID03
UID191,ck0,sk0,ls0,pd1,fe0,be0,fs0,md0,wd0,u1,30 000,DID03
UID192,ck0,sk0,ls0,pd1,fe0,be0,fs0,md0,wd0,u1,30 000,DID03
UID193,ck0,sk0,ls0,pd1,fe0,be0,fs0,md0,wd0,u1,30 000,DID03
UID194,ck1,sk1,ls1,pd0,fe0,be0,fs0,md1,wd0,u0,20 000,DID02
UID195,ck1,sk1,ls1,pd0,fe0,be0,fs0,md1,wd0,u0,20 000,DID01
UID196,ck0,sk0,ls0,pd1,fe0,be0,fs0,md1,wd0,u0,20 000,DID01
UID197,ck1,sk1,ls1,pd0,fe0,be0,fs0,md0,wd0,u0,20 000,DID02
UID198,ck0,sk0,ls0,pd1,fe0,be0,fs0,md0,wd0,u0,20 000,DID02
UID199,ck1,sk1,ls1,pd0,fe0,be0,fs0,md0,wd0,u0,20 000,DID01
UID200,ck0,sk0,ls0,pd1,fe0,be0,fs0,md0,wd0,u0,20 000,DID01
UID201,ck0,sk0,ls0,pd1,fe0,be0,fs0,md0,wd0,u0,20 000,DID01
UID202,ck1,sk1,ls1,pd0,fe0,be0,fs0,md0,wd0,u0,20 000,DID02
UID203,ck1,sk1,ls1,pd0,fe0,be0,fs0,md1,wd1,u0,20 000,DID02
UID204,ck0,sk0,ls0,pd1,fe0,be0,fs0,md1,wd1,u0,30 000,DID01
UID205,ck0,sk0,ls0,pd1,fe0,be0,fs0,md1,wd1,u0,30 000,DID02
UID206,ck1,sk1,ls1,pd0,fe0,be0,fs0,md1,wd1,u0,30 000,DID02
UID207,ck0,sk0,ls0,pd1,fe0,be0,fs0,md1,wd0,u0,30 000,DID01
UID208,ck1,sk1,ls1,pd0,fe0,be0,fs0,md1,wd0,u0,30 000,DID01
UID209,ck0,sk0,ls0,pd1,fe0,be0,fs0,md1,wd0,u0,30 000,DID02
UID210,ck1,sk1,ls1,pd0,fe0,be0,fs0,md1,wd1,u0,30 000,DID02
UID211,ck1,sk1,ls1,pd0,fe0,be0,fs0,md1,wd1,u0,30 000,DID01
UID212,ck0,sk0,ls0,pd1,fe0,be0,fs0,md1,wd1,u0,30 000,DID02
UID213,ck1,sk1,ls1,pd0,fe0,be0,fs0,md0,wd0,u0,12 000,DID02
UID214,ck1,sk1,ls1,pd0,fe0,be0,fs0,md0,wd0,u0,12 000,DID01
UID215,ck0,sk0,ls0,pd1,fe0,be0,fs0,md0,wd0,u0,12 000,DID01
UID216,ck0,sk0,ls0,pd1,fe0,be0,fs0,md0,wd0,u0,12 000,DID02
UID217,ck0,sk0,ls0,pd1,fe0,be0,fs0,md0,wd0,u0,20 000,DID02
UID218,ck1,sk1,ls1,pd0,fe0,be0,fs0,md1,wd1,u0,20 000,DID02
UID219,ck1,sk1,ls1,pd0,fe0,be0,fs0,md1,wd1,u0,20 000,DID01
UID220,ck0,sk0,ls0,pd1,fe0,be0,fs0,md1,wd1,u0,20 000,DID01
UID221,ck1,sk1,ls1,pd0,fe0,be0,fs0,md1,wd1,u0,25 000,DID02
UID222,ck0,sk0,ls0,pd1,fe0,be1,fs0,md0,wd0,u0,25 000,DID02
UID223,ck0,sk0,ls0,pd1,fe0,be1,fs0,md0,wd0,u0,25 000,DID01
UID224,ck0,sk0,ls0,pd1,fe0,be1,fs0,md0,wd0,u0,25 000,DID04
UID225,ck0,sk0,ls0,pd1,fe0,be1,fs0,md0,wd0,u0,25 000,DID04
UID226,ck0,sk0,ls0,pd1,fe0,be1,fs0,md0,wd0,u0,25 000,DID04
UID227,ck0,sk0,ls0,pd1,fe0,be0,fs1,md0,wd1,u0,25 000,DID04
UID228,ck0,sk0,ls0,pd1,fe0,be0,fs1,md0,wd1,u0,25 000,DID04
UID229,ck0,sk0,ls0,pd1,fe0,be0,fs1,md0,wd1,u0,30 000,DID04
UID230,ck0,sk0,ls0,pd1,fe0,be0,fs1,md0,wd1,u0,30 000,DID04
UID231,ck0,sk0,ls0,pd1,fe0,be0,fs1,md0,wd1,u0,30 000,DID04
UID232,ck0,sk0,ls0,pd1,fe0,be0,fs0,md0,wd0,u0,20 000,DID01
UID233,ck0,sk0,ls0,pd0,fe0,be0,fs0,md0,wd0,u0,20 000,DID02
UID234,ck0,sk0,ls0,pd0,fe0,be0,fs0,md0,wd0,u0,20 000,DID02
UID235,ck0,sk0,ls0,pd0,fe0,be0,fs0,md0,wd0,u0,20 000,DID02
UID236,ck0,sk0,ls0,pd1,fe0,be0,fs0,md0,wd0,u0,15 000,DID01
UID237,ck0,sk0,ls0,pd1,fe0,be0,fs0,md0,wd0,u0,15 000,DID01
UID238,ck0,sk0,ls0,pd1,fe0,be0,fs0,md0,wd0,u1,15 000,DID02
UID239,ck0,sk0,ls0,pd1,fe0,be0,fs0,md0,wd0,u1,15 000,DID01
UID240,ck0,sk0,ls0,pd1,fe0,be0,fs0,md0,wd0,u1,15 000,DID01
UID241,ck0,sk0,ls0,pd1,fe0,be0,fs0,md0,wd0,u1,15 000,DID02
UID242,ck0,sk0,ls0,pd1,fe0,be0,fs0,md0,wd0,u1,15 000,DID02
UID243,ck0,sk0,ls0,pd1,fe0,be0,fs0,md0,wd0,u1,15 000,DID02
UID244,ck0,sk0,ls0,pd1,fe0,be0,fs1,md0,wd1,u0,15 000,DID01
UID245,ck0,sk0,ls0,pd1,fe0,be0,fs1,md0,wd1,u0,15 000,DID01
UID246,ck0,sk0,ls0,pd1,fe0,be0,fs1,md0,wd1,u0,15 000,DID02
UID247,ck0,sk0,ls0,pd1,fe0,be0,fs1,md0,wd1,u0,15 000,DID02
UID248,ck0,sk0,ls0,pd1,fe0,be0,fs0,md1,wd1,u0,10 000,DID02
UID249,ck1,sk1,ls1,pd0,fe0,be0,fs0,md1,wd1,u0,10 000,DID02
UID250,ck0,sk0,ls0,pd1,fe0,be0,fs0,md0,wd0,u1,10 000,DID02
UID251,ck1,sk1,ls1,pd0,fe0,be0,fs0,md1,wd1,u0,10 000,DID02
UID252,ck0,sk0,ls0,pd1,fe0,be0,fs0,md0,wd0,u1,10 000,DID01
UID253,ck1,sk1,ls1,pd0,fe0,be0,fs0,md1,wd1,u0,10 000,DID01
UID254,ck0,sk0,ls0,pd1,fe0,be0,fs0,md1,wd1,u0,10 000,DID01
UID255,ck0,sk0,ls0,pd1,fe0,be0,fs0,md0,wd0,u1,10 000,DID01
UID256,ck0,sk0,ls0,pd1,fe0,be0,fs0,md0,wd0,u1,10 000,DID01
UID257,ck1,sk1,ls1,pd0,fe0,be0,fs0,md1,wd1,u0,10 000,DID01
UID258,ck0,sk0,ls0,pd1,fe0,be0,fs0,md0,wd0,u0,20 000,DID02
UID259,ck0,sk0,ls0,pd1,fe0,be0,fs0,md0,wd0,u0,20 000,DID02
UID260,ck0,sk0,ls0,pd1,fe0,be0,fs0,md0,wd0,u0,20 000,DID01
UID261,ck1,sk1,ls1,pd0,fe0,be0,fs0,md0,wd0,u0,20 000,DID02
UID262,ck0,sk0,ls0,pd1,fe0,be0,fs0,md0,wd0,u0,20 000,DID02
UID263,ck1,sk1,ls1,pd0,fe0,be0,fs0,md0,wd0,u0,20 000,DID01
UID264,ck0,sk0,ls0,pd1,fe0,be0,fs0,md0,wd0,u0,20 000,DID01
UID265,ck1,sk1,ls1,pd0,fe0,be0,fs0,md0,wd0,u0,20 000,DID02
UID266,ck1,sk1,ls1,pd0,fe0,be0,fs0,md0,wd1,u0,20 000,DID02
UID267,ck1,sk1,ls1,pd0,fe0,be0,fs0,md0,wd1,u0,20 000,DID01
UID268,ck0,sk0,ls0,pd1,fe0,be0,fs0,md0,wd1,u0,20 000,DID02
UID269,ck0,sk0,ls0,pd1,fe0,be0,fs0,md0,wd1,u0,20 000,DID01
UID270,ck0,sk0,ls0,pd1,fe0,be0,fs1,md0,wd1,u0,20 000,DID02
UID271,ck1,sk1,ls1,pd0,fe0,be0,fs1,md0,wd1,u0,20 000,DID02
UID272,ck1,sk1,ls1,pd0,fe0,be0,fs0,md1,wd1,u0,20 000,DID02
UID273,ck1,sk1,ls1,pd0,fe0,be0,fs0,md1,wd1,u0,20 000,DID02
UID274,ck0,sk0,ls0,pd1,fe0,be0,fs0,md0,wd0,u1,20 000,DID02
UID275,ck1,sk1,ls1,pd0,fe0,be0,fs0,md1,wd1,u0,20 000,DID02
UID276,ck0,sk0,ls0,pd1,fe0,be0,fs0,md0,wd0,u1,20 000,DID02
UID277,ck1,sk1,ls1,pd0,fe0,be0,fs0,md1,wd1,u0,20 000,DID02
UID278,ck0,sk0,ls0,pd1,fe0,be0,fs0,md1,wd1,u0,20 000,DID02
UID279,ck0,sk0,ls0,pd1,fe0,be0,fs0,md0,wd0,u0,20 000,DID02
UID280,ck1,sk1,ls1,pd0,fe0,be0,fs0,md0,wd0,u0,30 000,DID01
UID281,ck1,sk1,ls1,pd0,fe0,be0,fs0,md0,wd0,u0,30 000,DID03
UID282,ck0,sk0,ls0,pd1,fe0,be0,fs0,md0,wd1,u0,30 000,DID01
UID283,ck0,sk0,ls0,pd1,fe0,be0,fs0,md0,wd1,u0,30 000,DID01
UID284,ck1,sk1,ls1,pd0,fe0,be0,fs0,md0,wd1,u0,30 000,DID03
UID285,ck0,sk0,ls0,pd1,fe0,be0,fs0,md0,wd0,u0,30 000,DID03
UID286,ck1,sk1,ls1,pd0,fe0,be0,fs0,md0,wd0,u0,30 000,DID01
UID287,ck0,sk0,ls0,pd1,fe0,be0,fs0,md0,wd0,u0,30 000,DID03
UID288,ck1,sk1,ls1,pd0,fe0,be0,fs0,md0,wd1,u0,30 000,DID01
UID289,ck1,sk1,ls1,pd0,fe0,be0,fs0,md0,wd1,u0,30 000,DID01
UID290,ck0,sk0,ls0,pd1,fe0,be0,fs0,md0,wd1,u0,15 000,DID01
UID291,ck1,sk1,ls1,pd0,fe0,be0,fs0,md0,wd0,u0,15 000,DID01
UID292,ck0,sk0,ls0,pd1,fe0,be0,fs0,md0,wd0,u0,15 000,DID01
UID293,ck0,sk0,ls0,pd1,fe0,be0,fs0,md0,wd0,u0,15 000,DID01
UID294,ck1,sk1,ls1,pd0,fe0,be0,fs0,md0,wd0,u0,15 000,DID02
UID295,ck1,sk1,ls1,pd0,fe0,be0,fs0,md0,wd0,u0,15 000,DID01
UID296,ck0,sk0,ls0,pd1,fe0,be0,fs0,md0,wd0,u0,15 000,DID02
UID297,ck1,sk1,ls1,pd0,fe0,be0,fs0,md0,wd0,u0,15 000,DID02
UID298,ck0,sk0,ls0,pd1,fe0,be0,fs0,md0,wd0,u0,15 000,DID01
UID299,ck1,sk1,ls1,pd0,fe0,be0,fs0,md0,wd0,u0,15 000,DID01
UID300,ck0,sk0,ls0,pd1,fe0,be0,fs0,md0,wd0,u0,15 000,DID02
UID301,ck1,sk1,ls1,pd0,fe0,be0,fs0,md0,wd0,u0,15 000,DID01
UID302,ck1,sk1,ls1,pd0,fe0,be0,fs0,md0,wd0,u0,15 000,DID02
UID303,ck1,sk1,ls1,pd0,fe0,be0,fs0,md0,wd0,u0,15 000,DID02
UID304,ck0,sk0,ls0,pd1,fe0,be0,fs0,md0,wd0,u0,15 000,DID02
UID305,ck0,sk0,ls0,pd1,fe0,be0,fs0,md0,wd0,u0,15 000,DID01
UID306,ck1,sk1,ls1,pd0,fe0,be0,fs0,md0,wd0,u0,15 000,DID01
UID307,ck0,sk0,ls0,pd1,fe0,be0,fs0,md0,wd0,u0,15 000,DID01
UID308,ck0,sk0,ls0,pd1,fe0,be0,fs0,md0,wd0,u0,15 000,DID02
UID309,ck1,sk1,ls1,pd0,fe0,be0,fs0,md0,wd0,u0,15 000,DID01
UID310,ck0,sk0,ls0,pd1,fe0,be0,fs0,md0,wd1,u0,10 000,DID02
UID311,ck0,sk0,ls0,pd1,fe0,be0,fs0,md0,wd1,u0,10 000,DID01
UID312,ck1,sk1,ls1,pd0,fe0,be0,fs0,md0,wd1,u0,10 000,DID01
UID313,ck0,sk0,ls0,pd1,fe0,be0,fs0,md0,wd0,u0,10 000,DID01
UID314,ck1,sk1,ls1,pd0,fe0,be0,fs0,md0,wd0,u0,10 000,DID02
UID315,ck0,sk0,ls0,pd1,fe0,be0,fs0,md0,wd0,u0,10 000,DID02
UID316,ck0,sk0,ls0,pd1,fe0,be0,fs0,md0,wd1,u0,10 000,DID02
UID317,ck1,sk1,ls1,pd0,fe0,be0,fs0,md0,wd1,u0,10 000,DID02
UID318,ck0,sk0,ls0,pd1,fe0,be0,fs0,md0,wd1,u0,20 000,DID02
UID319,ck0,sk0,ls0,pd1,fe0,be0,fs0,md0,wd0,u0,20 000,DID01
UID320,ck1,sk1,ls1,pd0,fe0,be0,fs0,md0,wd1,u0,20 000,DID01
UID321,ck0,sk0,ls0,pd1,fe0,be0,fs0,md0,wd1,u0,20 000,DID01
UID322,ck0,sk0,ls0,pd1,fe0,be0,fs0,md0,wd1,u0,20 000,DID01
UID323,ck0,sk0,ls0,pd1,fe0,be0,fs0,md0,wd0,u0,20 000,DID01
UID324,ck1,sk1,ls1,pd0,fe0,be0,fs0,md0,wd0,u0,20 000,DID01
UID325,ck0,sk0,ls0,pd1,fe0,be0,fs0,md0,wd0,u0,20 000,DID01
UID326,ck1,sk1,ls1,pd0,fe0,be0,fs0,md0,wd1,u0,20 000,DID01
UID327,ck0,sk0,ls0,pd1,fe0,be0,fs0,md0,wd1,u0,20 000,DID01
UID328,ck0,sk0,ls0,pd1,fe0,be0,fs0,md0,wd1,u0,20 000,DID02
UID329,ck1,sk1,ls1,pd0,fe0,be0,fs0,md0,wd0,u0,20 000,DID01
UID330,ck0,sk0,ls0,pd1,fe0,be0,fs0,md0,wd1,u0,20 000,DID02
UID331,ck1,sk1,ls1,pd0,fe0,be0,fs0,md0,wd1,u0,20 000,DID02
UID332,ck1,sk1,ls1,pd0,fe0,be0,fs0,md0,wd1,u0,20 000,DID02
UID333,ck0,sk0,ls0,pd1,fe0,be0,fs0,md0,wd0,u0,20 000,DID02
UID334,ck1,sk1,ls1,pd0,fe0,be0,fs0,md0,wd0,u0,20 000,DID02
UID335,ck1,sk1,ls1,pd0,fe0,be0,fs0,md0,wd0,u0,20 000,DID02
UID336,ck1,sk1,ls1,pd0,fe0,be0,fs0,md0,wd1,u0,20 000,DID02
UID337,ck0,sk0,ls0,pd1,fe0,be0,fs0,md0,wd1,u0,20 000,DID02
UID338,ck0,sk0,ls0,pd1,fe0,be0,fs0,md0,wd1,u0,20 000,DID02
UID339,ck1,sk1,ls1,pd0,fe0,be0,fs1,md0,wd1,u0,20 000,DID02
UID340,ck0,sk0,ls0,pd1,fe0,be0,fs1,md0,wd1,u0,20 000,DID02
UID341,ck1,sk1,ls1,pd0,fe0,be0,fs1,md0,wd1,u0,20 000,DID02
UID342,ck1,sk1,ls1,pd0,fe0,be0,fs0,md1,wd1,u0,20 000,DID02
UID343,ck0,sk0,ls0,pd1,fe0,be0,fs0,md1,wd1,u0,20 000,DID02
UID344,ck0,sk0,ls0,pd1,fe0,be0,fs0,md0,wd0,u1,20 000,DID02
UID345,ck1,sk1,ls1,pd0,fe0,be0,fs0,md1,wd1,u0,20 000,DID02
UID346,ck0,sk0,ls0,pd1,fe0,be0,fs0,md0,wd0,u1,20 000,DID02
UID347,ck1,sk1,ls1,pd0,fe0,be0,fs0,md1,wd1,u0,20 000,DID02
UID348,ck0,sk0,ls0,pd1,fe0,be0,fs0,md1,wd1,u0,20 000,DID02
UID349,ck1,sk1,ls1,pd0,fe0,be0,fs0,md0,wd0,u1,20 000,DID02
UID350,ck0,sk0,ls0,pd1,fe0,be0,fs0,md0,wd0,u1,20 000,DID02
UID351,ck0,sk0,ls0,pd1,fe0,be0,fs0,md1,wd0,u0,20 000,DID02
UID352,ck1,sk1,ls1,pd0,fe0,be0,fs0,md1,wd0,u0,20 000,DID02
UID353,ck0,sk0,ls0,pd1,fe0,be0,fs0,md1,wd0,u0,20 000,DID02
UID354,ck1,sk1,ls1,pd0,fe0,be0,fs0,md1,wd0,u0,20 000,DID02
UID355,ck0,sk0,ls0,pd1,fe0,be0,fs0,md1,wd0,u0,20 000,DID02
UID356,ck0,sk0,ls0,pd1,fe0,be0,fs0,md1,wd0,u0,20 000,DID02
UID357,ck1,sk1,ls1,pd0,fe0,be0,fs0,md1,wd0,u0,20 000,DID02
UID358,ck1,sk1,ls1,pd0,fe0,be0,fs0,md1,wd0,u0,20 000,DID02
UID359,ck0,sk0,ls0,pd1,fe0,be0,fs0,md1,wd0,u0,20 000,DID02
UID360,ck1,sk1,ls1,pd0,fe0,be0,fs0,md1,wd0,u0,20 000,DID02
UID361,ck0,sk0,ls0,pd1,fe0,be0,fs0,md1,wd0,u0,20 000,DID02
UID362,ck0,sk0,ls0,pd1,fe0,be0,fs0,md1,wd0,u0,20 000,DID02
UID363,ck0,sk0,ls0,pd1,fe0,be0,fs0,md1,wd0,u0,20 000,DID02
UID364,ck1,sk1,ls1,pd0,fe0,be0,fs0,md1,wd0,u0,20 000,DID02
UID365,ck0,sk0,ls0,pd1,fe0,be0,fs0,md1,wd0,u0,20 000,DID02
UID366,ck1,sk1,ls1,pd0,fe0,be0,fs0,md1,wd0,u0,20 000,DID02
UID367,ck0,sk0,ls0,pd1,fe0,be0,fs0,md1,wd0,u0,20 000,DID02
UID368,ck1,sk1,ls1,pd0,fe0,be0,fs0,md1,wd0,u0,20 000,DID02
UID369,ck0,sk0,ls0,pd1,fe0,be0,fs0,md1,wd0,u0,20 000,DID02
UID370,ck0,sk1,ls0,pd0,fe0,be0,fs0,md0,wd0,u0,20 000,DID02
UID371,ck0,sk1,ls0,pd0,fe0,be0,fs0,md0,wd0,u0,20 000,DID02
UID372,ck0,sk1,ls0,pd0,fe0,be0,fs0,md0,wd0,u0,20 000,DID02
UID373,ck0,sk1,ls0,pd0,fe0,be0,fs0,md0,wd0,u0,20 000,DID02
UID374,ck0,sk1,ls0,pd0,fe0,be0,fs0,md0,wd0,u0,30 000,DID03
UID375,ck0,sk1,ls0,pd0,fe0,be0,fs0,md0,wd0,u0,30 000,DID03
UID376,ck0,sk1,ls0,pd0,fe0,be0,fs0,md0,wd0,u0,30 000,DID03
UID377,ck0,sk1,ls0,pd0,fe0,be0,fs0,md0,wd0,u0,30 000,DID03
UID378,ck0,sk1,ls0,pd0,fe0,be0,fs0,md0,wd0,u0,30 000,DID03
UID379,ck0,sk1,ls0,pd0,fe0,be0,fs0,md0,wd0,u0,30 000,DID03
UID380,ck0,sk1,ls0,pd0,fe0,be0,fs0,md0,wd0,u0,30 000,DID03
UID381,ck0,sk1,ls0,pd0,fe0,be0,fs0,md0,wd0,u0,30 000,DID03
UID382,ck0,sk1,ls0,pd0,fe0,be0,fs0,md0,wd0,u0,30 000,DID03
UID383,ck0,sk1,ls0,pd0,fe0,be0,fs0,md0,wd0,u0,30 000,DID03
UID384,ck0,sk1,ls0,pd0,fe0,be0,fs0,md0,wd0,u0,30 000,DID03
UID385,ck1,sk1,ls1,pd0,fe0,be0,fs0,md0,wd0,u0,30 000,DID01
UID386,ck1,sk1,ls1,pd0,fe0,be0,fs0,md0,wd0,u0,30 000,DID01
UID387,ck0,sk1,ls0,pd0,fe0,be0,fs0,md0,wd0,u0,30 000,DID03
UID388,ck1,sk1,ls1,pd0,fe0,be0,fs0,md0,wd0,u0,30 000,DID01
UID389,ck0,sk1,ls0,pd0,fe0,be0,fs0,md0,wd0,u0,30 000,DID03
UID390,ck0,sk1,ls0,pd0,fe0,be0,fs0,md0,wd0,u0,30 000,DID03
UID391,ck0,sk1,ls0,pd0,fe0,be0,fs0,md0,wd0,u0,30 000,DID03
UID392,ck0,sk1,ls0,pd0,fe0,be0,fs0,md0,wd0,u0,30 000,DID03
UID393,ck0,sk1,ls0,pd0,fe0,be0,fs0,md0,wd0,u0,30 000,DID03
UID394,ck1,sk1,ls1,pd0,fe0,be0,fs0,md0,wd0,u0,30 000,DID01
UID395,ck0,sk1,ls0,pd0,fe0,be0,fs0,md0,wd0,u0,30 000,DID03
UID396,ck1,sk1,ls1,pd0,fe0,be0,fs0,md0,wd0,u0,30 000,DID01
UID397,ck0,sk1,ls0,pd0,fe0,be0,fs0,md0,wd0,u0,30 000,DID03
UID398,ck0,sk1,ls0,pd0,fe0,be0,fs0,md0,wd0,u0,30 000,DID03
UID399,ck1,sk1,ls1,pd0,fe0,be0,fs0,md0,wd0,u0,30 000,DID01
UID400,ck1,sk1,ls1,pd0,fe0,be0,fs0,md0,wd0,u0,30 000,DID01
UID401,ck1,sk1,ls1,pd0,fe0,be0,fs0,md0,wd0,u0,30 000,DID01
UID402,ck0,sk1,ls0,pd0,fe0,be0,fs0,md0,wd0,u0,30 000,DID03
UID403,ck0,sk1,ls0,pd0,fe0,be0,fs0,md0,wd0,u0,30 000,DID03
UID404,ck1,sk1,ls1,pd0,fe0,be0,fs0,md0,wd0,u0,30 000,DID01
UID405,ck0,sk1,ls0,pd0,fe0,be0,fs0,md0,wd0,u0,30 000,DID03
UID406,ck0,sk1,ls0,pd0,fe0,be0,fs0,md0,wd0,u0,30 000,DID03
UID407,ck1,sk1,ls1,pd0,fe0,be0,fs0,md0,wd0,u0,30 000,DID01
UID408,ck0,sk1,ls0,pd0,fe0,be0,fs0,md0,wd0,u0,30 000,DID03
UID409,ck1,sk1,ls1,pd0,fe0,be0,fs0,md0,wd0,u0,30 000,DID01
UID410,ck0,sk1,ls0,pd0,fe0,be0,fs0,md0,wd0,u0,30 000,DID03
UID411,ck1,sk1,ls1,pd0,fe0,be0,fs0,md0,wd0,u0,30 000,DID01
UID412,ck0,sk1,ls0,pd0,fe0,be0,fs0,md0,wd0,u0,18 000,DID03
UID413,ck0,sk1,ls0,pd0,fe0,be0,fs0,md0,wd0,u0,18 000,DID03
UID414,ck1,sk1,ls1,pd0,fe0,be0,fs1,md0,wd0,u0,18 000,DID01
UID415,ck0,sk1,ls0,pd0,fe0,be0,fs0,md0,wd0,u0,18 000,DID03
UID416,ck0,sk1,ls0,pd0,fe0,be0,fs0,md0,wd0,u0,18 000,DID03
UID417,ck1,sk1,ls1,pd0,fe0,be0,fs0,md0,wd0,u0,18 000,DID01
UID418,ck1,sk1,ls1,pd0,fe0,be0,fs0,md0,wd0,u0,18 000,DID01
UID419,ck1,sk1,ls1,pd0,fe0,be0,fs0,md0,wd0,u0,18 000,DID01
UID420,ck0,sk1,ls0,pd0,fe0,be0,fs0,md0,wd0,u0,18 000,DID03
UID421,ck1,sk1,ls1,pd0,fe0,be0,fs1,md0,wd0,u0,18 000,DID01
UID422,ck0,sk0,ls0,pd1,fe0,be0,fs1,md0,wd0,u0,15 000,DID02
UID423,ck1,sk1,ls1,pd0,fe0,be0,fs1,md0,wd0,u0,15 000,DID02
UID424,ck0,sk0,ls0,pd1,fe0,be0,fs1,md0,wd0,u0,15 000,DID02
UID425,ck1,sk1,ls1,pd0,fe0,be0,fs1,md0,wd0,u0,15 000,DID01
UID426,ck0,sk0,ls0,pd1,fe0,be0,fs0,md0,wd0,u0,15 000,DID01
UID427,ck1,sk1,ls1,pd0,fe0,be0,fs0,md0,wd0,u0,15 000,DID02
UID428,ck1,sk1,ls1,pd0,fe0,be0,fs0,md0,wd0,u0,15 000,DID01
UID429,ck0,sk0,ls0,pd1,fe0,be0,fs0,md0,wd0,u0,15 000,DID02
UID430,ck0,sk0,ls0,pd1,fe0,be0,fs0,md0,wd0,u0,15 000,DID02
UID431,ck1,sk1,ls1,pd0,fe0,be0,fs0,md1,wd0,u0,15 000,DID02
UID432,ck1,sk1,ls1,pd0,fe0,be0,fs0,md1,wd0,u0,15 000,DID02
UID433,ck0,sk0,ls0,pd1,fe0,be0,fs0,md1,wd0,u0,15 000,DID02
UID434,ck0,sk0,ls0,pd1,fe0,be0,fs0,md1,wd0,u0,15 000,DID02
UID435,ck0,sk0,ls0,pd1,fe0,be0,fs0,md1,wd0,u0,15 000,DID02
UID436,ck1,sk1,ls1,pd0,fe0,be0,fs0,md1,wd0,u0,15 000,DID01
UID437,ck1,sk1,ls1,pd0,fe0,be0,fs0,md0,wd0,u1,15 000,DID02
UID438,ck1,sk1,ls1,pd0,fe0,be0,fs0,md0,wd0,u1,15 000,DID02
UID439,ck0,sk0,ls0,pd1,fe0,be0,fs0,md0,wd0,u1,15 000,DID02
UID440,ck1,sk1,ls1,pd0,fe0,be0,fs0,md0,wd0,u1,15 000,DID01
UID441,ck0,sk0,ls0,pd1,fe0,be0,fs0,md0,wd0,u1,15 000,DID01
UID442,ck1,sk1,ls1,pd0,fe0,be0,fs0,md0,wd0,u1,18 000,DID02
UID443,ck1,sk1,ls1,pd0,fe0,be0,fs0,md0,wd0,u1,18 000,DID02
UID444,ck0,sk0,ls0,pd1,fe0,be0,fs0,md0,wd0,u1,18 000,DID02
UID445,ck1,sk1,ls1,pd0,fe0,be0,fs0,md0,wd0,u1,18 000,DID02
UID446,ck1,sk1,ls1,pd0,fe0,be0,fs0,md0,wd0,u0,18 000,DID02
UID447,ck0,sk0,ls0,pd1,fe0,be0,fs0,md0,wd0,u0,18 000,DID01
UID448,ck1,sk1,ls1,pd0,fe0,be0,fs0,md0,wd0,u0,18 000,DID01
UID449,ck0,sk0,ls0,pd1,fe0,be0,fs0,md0,wd0,u0,18 000,DID01
UID450,ck1,sk1,ls1,pd0,fe0,be0,fs0,md0,wd0,u0,18 000,DID02
UID451,ck1,sk1,ls1,pd0,fe0,be0,fs0,md0,wd0,u0,18 000,DID01
UID452,ck1,sk1,ls1,pd0,fe0,be0,fs0,md0,wd0,u0,18 000,DID02
UID453,ck1,sk1,ls1,pd0,fe0,be0,fs0,md0,wd0,u0,18 000,DID01
UID454,ck1,sk1,ls1,pd0,fe0,be0,fs0,md0,wd0,u0,18 000,DID02
UID455,ck1,sk1,ls1,pd0,fe0,be0,fs0,md0,wd0,u0,18 000,DID01
UID456,ck1,sk1,ls1,pd0,fe0,be0,fs0,md0,wd0,u0,18 000,DID02
UID457,ck1,sk1,ls1,pd0,fe0,be0,fs0,md0,wd0,u0,18 000,DID01
UID458,ck1,sk1,ls1,pd0,fe0,be0,fs0,md0,wd0,u0,18 000,DID02
UID459,ck1,sk1,ls1,pd0,fe0,be0,fs0,md0,wd0,u0,18 000,DID02
UID460,ck1,sk1,ls1,pd0,fe0,be0,fs0,md0,wd0,u0,18 000,DID01
UID461,ck1,sk1,ls1,pd0,fe0,be0,fs0,md1,wd0,u0,18 000,DID01
UID462,ck0,sk0,ls0,pd1,fe0,be0,fs0,md1,wd0,u0,18 000,DID02
UID463,ck1,sk1,ls1,pd0,fe0,be0,fs0,md1,wd0,u0,18 000,DID02
UID464,ck1,sk1,ls1,pd0,fe0,be0,fs0,md1,wd0,u0,18 000,DID01
UID465,ck1,sk1,ls1,pd0,fe0,be0,fs0,md1,wd0,u0,18 000,DID01
UID466,ck1,sk1,ls1,pd0,fe0,be0,fs0,md1,wd0,u0,18 000,DID02
UID467,ck0,sk0,ls0,pd0,fe0,be0,fs0,md1,wd0,u0,20 000,DID01
UID468,ck0,sk0,ls0,pd0,fe0,be0,fs0,md1,wd0,u0,20 000,DID01
UID469,ck0,sk0,ls0,pd0,fe0,be0,fs1,md0,wd0,u0,20 000,DID01
UID470,ck0,sk0,ls0,pd0,fe0,be0,fs1,md0,wd0,u0,20 000,DID02
UID471,ck0,sk0,ls0,pd0,fe0,be0,fs1,md0,wd0,u0,20 000,DID02
UID472,ck0,sk0,ls0,pd0,fe0,be0,fs1,md0,wd0,u0,20 000,DID02
UID473,ck0,sk0,ls0,pd0,fe0,be0,fs1,md0,wd0,u0,20 000,DID01
UID474,ck0,sk0,ls0,pd0,fe0,be0,fs1,md0,wd0,u0,20 000,DID02
UID475,ck0,sk0,ls0,pd0,fe0,be0,fs1,md0,wd0,u0,20 000,DID02
UID476,ck0,sk0,ls0,pd0,fe0,be0,fs1,md0,wd0,u0,20 000,DID01
UID477,ck0,sk0,ls0,pd1,fe0,be0,fs0,md0,wd0,u0,15 000,DID02
UID478,ck0,sk0,ls0,pd1,fe0,be0,fs0,md0,wd0,u0,15 000,DID01
UID479,ck0,sk0,ls0,pd1,fe0,be0,fs0,md0,wd0,u0,15 000,DID02
UID480,ck0,sk0,ls0,pd1,fe0,be0,fs0,md0,wd0,u0,15 000,DID01
UID481,ck0,sk0,ls0,pd1,fe0,be0,fs0,md0,wd0,u0,15 000,DID02
UID482,ck0,sk0,ls0,pd1,fe0,be0,fs0,md0,wd0,u0,15 000,DID02
UID483,ck0,sk0,ls0,pd1,fe0,be0,fs0,md0,wd0,u0,15 000,DID01
UID484,ck0,sk0,ls0,pd1,fe0,be0,fs0,md0,wd0,u0,15 000,DID02
UID485,ck0,sk0,ls0,pd1,fe0,be0,fs0,md0,wd0,u0,15 000,DID02
UID486,ck0,sk0,ls0,pd1,fe0,be0,fs0,md0,wd0,u0,15 000,DID02
UID487,ck0,sk0,ls0,pd1,fe1,be0,fs0,md0,wd0,u0,10 000,DID02
UID488,ck0,sk0,ls0,pd1,fe1,be0,fs0,md0,wd0,u0,10 000,DID02
UID489,ck0,sk0,ls0,pd1,fe1,be0,fs0,md0,wd0,u0,10 000,DID01
UID490,ck0,sk0,ls0,pd1,fe1,be0,fs0,md0,wd0,u0,10 000,DID01
UID491,ck0,sk0,ls0,pd1,fe1,be0,fs0,md0,wd0,u0,10 000,DID01
UID492,ck0,sk0,ls0,pd1,fe0,be1,fs0,md0,wd0,u0,10 000,DID02
UID493,ck0,sk0,ls0,pd1,fe0,be1,fs0,md0,wd0,u0,10 000,DID01
UID494,ck0,sk0,ls0,pd1,fe0,be1,fs0,md0,wd0,u0,10 000,DID02
UID495,ck0,sk0,ls0,pd1,fe0,be1,fs0,md0,wd0,u0,10 000,DID01
UID496,ck0,sk0,ls0,pd1,fe0,be1,fs0,md0,wd0,u0,10 000,DID02
UID497,ck0,sk0,ls0,pd1,fe0,be0,fs1,md0,wd0,u0,20 000,DID02
UID498,ck0,sk0,ls0,pd1,fe0,be0,fs1,md0,wd0,u0,20 000,DID02
UID499,ck0,sk0,ls0,pd1,fe0,be0,fs1,md0,wd0,u0,20 000,DID02
UID500,ck0,sk0,ls0,pd1,fe0,be0,fs1,md0,wd0,u0,20 000,DID02
UID501,ck0,sk0,ls0,pd1,fe0,be0,fs1,md0,wd0,u0,20 000,DID01
UID502,ck0,sk0,ls0,pd1,fe0,be0,fs1,md0,wd0,u0,20 000,DID02
UID503,ck0,sk0,ls0,pd1,fe0,be0,fs0,md1,wd0,u0,20 000,DID02
UID504,ck0,sk0,ls0,pd1,fe0,be0,fs0,md1,wd0,u0,20 000,DID02
UID505,ck0,sk0,ls0,pd1,fe0,be0,fs0,md1,wd0,u0,20 000,DID02
UID506,ck0,sk0,ls0,pd1,fe0,be0,fs0,md1,wd0,u0,20 000,DID02
UID507,ck0,sk0,ls0,pd1,fe0,be0,fs0,md1,wd0,u0,15 000,DID02
UID508,ck0,sk0,ls0,pd1,fe0,be0,fs0,md1,wd0,u0,15 000,DID02
UID509,ck0,sk0,ls0,pd1,fe0,be0,fs0,md1,wd0,u0,15 000,DID02
UID510,ck0,sk0,ls0,pd1,fe0,be0,fs1,md0,wd0,u0,15 000,DID01
UID511,ck0,sk0,ls0,pd1,fe0,be0,fs1,md0,wd0,u0,15 000,DID02
UID512,ck0,sk0,ls0,pd1,fe1,be0,fs0,md0,wd0,u0,15 000,DID02
UID513,ck0,sk0,ls0,pd1,fe1,be0,fs0,md0,wd0,u0,15 000,DID01
UID514,ck0,sk0,ls0,pd1,fe1,be0,fs0,md0,wd0,u0,15 000,DID02
UID515,ck0,sk0,ls0,pd1,fe0,be1,fs0,md0,wd0,u0,15 000,DID02
UID516,ck0,sk0,ls0,pd1,fe0,be1,fs0,md0,wd0,u0,15 000,DID02
UID517,ck0,sk0,ls0,pd1,fe0,be1,fs0,md0,wd0,u0,20 000,DID02
UID518,ck0,sk0,ls0,pd1,fe0,be1,fs0,md0,wd0,u0,20 000,DID02
UID519,ck0,sk0,ls0,pd1,fe0,be0,fs0,md1,wd0,u0,20 000,DID01
UID520,ck0,sk0,ls0,pd1,fe0,be0,fs0,md1,wd0,u0,20 000,DID01
UID521,ck0,sk0,ls0,pd1,fe0,be0,fs0,md0,wd0,u0,20 000,DID01
UID522,ck0,sk0,ls0,pd1,fe0,be0,fs0,md0,wd0,u0,20 000,DID02
UID523,ck0,sk0,ls0,pd1,fe0,be0,fs0,md0,wd0,u0,20 000,DID02
UID524,ck0,sk0,ls0,pd1,fe0,be0,fs0,md0,wd0,u0,20 000,DID02
UID525,ck0,sk0,ls0,pd1,fe0,be0,fs0,md0,wd0,u0,20 000,DID01
UID526,ck0,sk0,ls0,pd1,fe0,be0,fs0,md0,wd0,u0,20 000,DID02
UID527,ck0,sk0,ls0,pd1,fe0,be0,fs1,md0,wd0,u0,20 000,DID02
UID528,ck0,sk0,ls0,pd1,fe0,be0,fs1,md0,wd0,u0,20 000,DID02
UID529,ck0,sk0,ls0,pd1,fe0,be0,fs1,md0,wd0,u0,20 000,DID02
UID530,ck0,sk0,ls0,pd1,fe0,be0,fs1,md0,wd0,u0,20 000,DID02
UID531,ck0,sk0,ls0,pd1,fe0,be0,fs1,md0,wd0,u0,15 000,DID02
UID532,ck0,sk0,ls0,pd1,fe0,be0,fs1,md0,wd0,u0,15 000,DID02
UID533,ck0,sk0,ls0,pd1,fe1,be0,fs0,md0,wd0,u0,15 000,DID02
UID534,ck0,sk0,ls0,pd1,fe1,be0,fs0,md0,wd0,u0,15 000,DID02
UID535,ck0,sk0,ls0,pd1,fe1,be0,fs0,md0,wd0,u0,15 000,DID02
UID536,ck1,sk0,ls0,pd0,fe0,be0,fs0,md0,wd0,u0,12 000,DID03
UID537,ck1,sk0,ls0,pd0,fe0,be0,fs0,md0,wd0,u0,12 000,DID03
UID538,ck1,sk0,ls0,pd0,fe0,be0,fs0,md0,wd0,u0,12 000,DID03
UID539,ck1,sk0,ls0,pd0,fe0,be0,fs0,md0,wd0,u0,12 000,DID03
UID540,ck1,sk0,ls0,pd0,fe0,be0,fs0,md0,wd0,u0,12 000,DID03
UID541,ck1,sk0,ls0,pd0,fe0,be0,fs0,md0,wd0,u0,12 000,DID03
UID542,ck1,sk0,ls0,pd0,fe0,be0,fs0,md0,wd0,u0,12 000,DID03
UID543,ck1,sk0,ls0,pd0,fe0,be0,fs0,md0,wd0,u0,12 000,DID03
UID544,ck1,sk0,ls0,pd0,fe0,be0,fs0,md0,wd0,u0,12 000,DID03
UID545,ck1,sk0,ls0,pd0,fe0,be0,fs0,md0,wd0,u0,12 000,DID03
UID546,ck1,sk0,ls0,pd0,fe0,be0,fs0,md0,wd0,u0,12 000,DID03
UID547,ck1,sk0,ls0,pd0,fe0,be0,fs0,md0,wd0,u0,12 000,DID03
UID548,ck1,sk0,ls0,pd0,fe0,be0,fs0,md0,wd0,u0,12 000,DID03
UID549,ck1,sk0,ls0,pd0,fe0,be0,fs0,md0,wd0,u0,12 000,DID03
UID550,ck1,sk0,ls0,pd0,fe0,be0,fs0,md0,wd0,u0,12 000,DID03
UID551,ck1,sk0,ls0,pd0,fe0,be0,fs0,md0,wd0,u0,12 000,DID03
UID552,ck1,sk0,ls0,pd0,fe0,be0,fs1,md0,wd0,u0,30 000,DID02
UID553,ck1,sk0,ls0,pd0,fe0,be0,fs1,md0,wd0,u0,30 000,DID02
UID554,ck1,sk0,ls0,pd0,fe0,be0,fs1,md0,wd0,u0,30 000,DID02
UID555,ck1,sk0,ls0,pd0,fe0,be0,fs1,md0,wd0,u0,30 000,DID02
UID556,ck1,sk0,ls0,pd0,fe0,be0,fs1,md0,wd0,u0,30 000,DID02
UID557,ck1,sk0,ls0,pd0,fe0,be0,fs1,md0,wd0,u0,30 000,DID02
UID558,ck1,sk0,ls0,pd0,fe0,be1,fs0,md0,wd0,u0,30 000,DID02
UID559,ck1,sk0,ls0,pd0,fe0,be1,fs0,md0,wd0,u0,30 000,DID02
UID560,ck1,sk0,ls0,pd0,fe0,be1,fs0,md0,wd0,u0,30 000,DID02
UID561,ck1,sk0,ls0,pd0,fe0,be1,fs0,md0,wd0,u0,30 000,DID02
UID562,ck1,sk0,ls0,pd0,fe0,be1,fs0,md0,wd0,u0,30 000,DID02
UID563,ck1,sk0,ls0,pd0,fe0,be1,fs0,md0,wd0,u0,30 000,DID02
UID564,ck1,sk0,ls0,pd0,fe0,be1,fs0,md0,wd0,u0,30 000,DID02
UID565,ck1,sk0,ls0,pd0,fe0,be1,fs0,md0,wd0,u0,30 000,DID02
UID566,ck1,sk0,ls0,pd0,fe0,be0,fs0,md1,wd0,u0,30 000,DID02
UID567,ck1,sk0,ls0,pd0,fe0,be0,fs0,md1,wd0,u0,30 000,DID02
UID568,ck1,sk0,ls0,pd0,fe0,be0,fs0,md0,wd0,u0,35 000,DID03
UID569,ck1,sk0,ls0,pd0,fe0,be0,fs0,md1,wd0,u0,35 000,DID02
UID570,ck1,sk0,ls0,pd0,fe0,be0,fs0,md1,wd0,u0,35 000,DID02
UID571,ck1,sk0,ls0,pd0,fe0,be0,fs0,md1,wd0,u0,35 000,DID01
UID572,ck1,sk0,ls0,pd0,fe0,be0,fs0,md0,wd0,u0,35 000,DID03
UID573,ck1,sk0,ls0,pd0,fe0,be0,fs0,md0,wd0,u0,35 000,DID03
UID574,ck1,sk0,ls0,pd0,fe0,be1,fs0,md0,wd0,u0,35 000,DID02
UID575,ck1,sk0,ls0,pd0,fe0,be1,fs0,md0,wd0,u0,35 000,DID01
UID576,ck1,sk0,ls0,pd0,fe0,be0,fs0,md0,wd0,u0,35 000,DID03
UID577,ck1,sk0,ls0,pd0,fe0,be1,fs0,md0,wd0,u0,35 000,DID02
UID578,ck1,sk0,ls0,pd0,fe0,be0,fs0,md0,wd0,u0,35 000,DID03
UID579,ck1,sk0,ls0,pd0,fe0,be0,fs0,md0,wd0,u0,35 000,DID03
UID580,ck1,sk0,ls0,pd0,fe0,be0,fs0,md1,wd1,u0,35 000,DID02
UID581,ck1,sk0,ls0,pd0,fe0,be0,fs0,md1,wd1,u0,35 000,DID02
UID582,ck1,sk0,ls0,pd0,fe0,be0,fs0,md1,wd1,u0,20 000,DID01
UID583,ck1,sk0,ls0,pd0,fe0,be0,fs0,md1,wd1,u0,20 000,DID02
UID584,ck1,sk0,ls0,pd0,fe0,be0,fs0,md1,wd1,u0,20 000,DID02
UID585,ck1,sk0,ls0,pd0,fe0,be0,fs0,md1,wd0,u0,20 000,DID01
UID586,ck1,sk0,ls0,pd0,fe0,be0,fs0,md1,wd0,u0,20 000,DID01
UID587,ck1,sk0,ls0,pd0,fe0,be0,fs0,md1,wd0,u0,20 000,DID01
UID588,ck1,sk0,ls0,pd0,fe0,be0,fs1,md0,wd0,u0,20 000,DID02
UID589,ck1,sk0,ls0,pd0,fe0,be0,fs1,md0,wd0,u0,20 000,DID01
UID590,ck1,sk0,ls0,pd0,fe1,be0,fs0,md0,wd0,u0,20 000,DID02
UID591,ck1,sk0,ls0,pd0,fe0,be0,fs0,md1,wd0,u0,20 000,DID02
UID592,ck1,sk0,ls0,pd0,fe0,be0,fs1,md0,wd0,u0,20 000,DID02
UID593,ck1,sk0,ls0,pd0,fe0,be0,fs1,md0,wd0,u0,20 000,DID01
UID594,ck1,sk0,ls0,pd0,fe1,be0,fs0,md0,wd0,u0,20 000,DID01
UID595,ck1,sk0,ls0,pd0,fe0,be0,fs0,md1,wd0,u0,20 000,DID02
UID596,ck1,sk0,ls0,pd0,fe0,be0,fs0,md1,wd0,u0,20 000,DID01
UID597,ck1,sk0,ls0,pd0,fe0,be0,fs0,md1,wd0,u0,30 000,DID02
UID598,ck1,sk0,ls0,pd0,fe0,be0,fs0,md1,wd0,u0,30 000,DID01
UID599,ck1,sk0,ls0,pd0,fe0,be0,fs0,md1,wd0,u0,30 000,DID01
UID600,ck1,sk0,ls0,pd0,fe0,be0,fs0,md1,wd1,u0,30 000,DID02
UID601,ck1,sk0,ls0,pd0,fe0,be0,fs0,md1,wd1,u0,30 000,DID02
UID602,ck1,sk0,ls0,pd0,fe0,be0,fs0,md1,wd1,u0,30 000,DID02
UID603,ck1,sk0,ls0,pd0,fe0,be0,fs0,md1,wd1,u0,30 000,DID01
UID604,ck1,sk0,ls0,pd0,fe0,be0,fs0,md1,wd1,u0,30 000,DID02
UID605,ck1,sk0,ls0,pd0,fe0,be0,fs0,md1,wd0,u0,30 000,DID02
UID606,ck1,sk0,ls0,pd0,fe0,be0,fs0,md1,wd0,u0,30 000,DID01
UID607,ck1,sk0,ls0,pd0,fe0,be0,fs0,md1,wd1,u0,30 000,DID02
UID608,ck1,sk0,ls0,pd0,fe0,be0,fs0,md1,wd1,u0,30 000,DID01
UID609,ck1,sk0,ls0,pd0,fe0,be0,fs0,md1,wd1,u0,30 000,DID01
UID610,ck1,sk0,ls0,pd0,fe0,be0,fs0,md1,wd1,u0,30 000,DID02
UID611,ck1,sk0,ls0,pd0,fe0,be0,fs0,md1,wd1,u0,30 000,DID01
UID612,ck1,sk0,ls0,pd0,fe0,be0,fs0,md1,wd0,u0,35 000,DID03
UID613,ck1,sk0,ls0,pd0,fe0,be0,fs0,md1,wd0,u0,35 000,DID01
UID614,ck1,sk0,ls0,pd0,fe0,be0,fs0,md0,wd0,u0,35 000,DID03
UID615,ck1,sk0,ls0,pd0,fe0,be0,fs0,md1,wd0,u0,35 000,DID03
UID616,ck1,sk0,ls0,pd0,fe0,be0,fs0,md1,wd0,u0,35 000,DID01
UID617,ck1,sk0,ls0,pd0,fe0,be0,fs0,md0,wd0,u0,35 000,DID03
UID618,ck1,sk0,ls0,pd0,fe0,be0,fs0,md0,wd0,u0,35 000,DID03
UID619,ck1,sk0,ls0,pd0,fe0,be0,fs0,md0,wd0,u0,35 000,DID03
UID620,ck1,sk0,ls0,pd0,fe0,be0,fs0,md0,wd0,u0,35 000,DID03
UID621,ck1,sk0,ls0,pd0,fe0,be0,fs0,md1,wd0,u0,35 000,DID01
UID622,ck1,sk0,ls0,pd0,fe0,be0,fs0,md0,wd0,u0,35 000,DID03
UID623,ck1,sk0,ls0,pd0,fe0,be0,fs0,md0,wd0,u1,35 000,DID03
UID624,ck1,sk0,ls0,pd0,fe0,be0,fs0,md1,wd0,u0,35 000,DID03
UID625,ck1,sk0,ls0,pd0,fe0,be0,fs0,md0,wd0,u0,35 000,DID03
UID626,ck1,sk0,ls0,pd0,fe0,be0,fs0,md0,wd0,u0,35 000,DID03
UID627,ck1,sk0,ls0,pd0,fe0,be0,fs0,md1,wd1,u0,35 000,DID03
UID628,ck1,sk0,ls0,pd0,fe0,be0,fs0,md1,wd1,u0,35 000,DID01
UID629,ck1,sk0,ls0,pd0,fe0,be0,fs0,md1,wd1,u0,35 000,DID03
UID630,ck1,sk0,ls0,pd0,fe0,be0,fs0,md1,wd1,u0,35 000,DID03
UID631,ck1,sk0,ls0,pd0,fe0,be0,fs0,md1,wd1,u0,35 000,DID03
UID632,ck1,sk0,ls0,pd0,fe0,be0,fs0,md0,wd0,u0,35 000,DID03
UID633,ck1,sk0,ls0,pd0,fe0,be0,fs0,md1,wd0,u0,35 000,DID01
UID634,ck1,sk0,ls0,pd0,fe0,be0,fs0,md0,wd0,u0,35 000,DID03
UID635,ck1,sk0,ls0,pd0,fe0,be0,fs0,md0,wd0,u0,35 000,DID03
UID636,ck1,sk0,ls0,pd0,fe0,be0,fs0,md1,wd1,u0,35 000,DID01
UID637,ck1,sk0,ls0,pd0,fe0,be0,fs0,md1,wd1,u0,35 000,DID03
UID638,ck1,sk0,ls0,pd0,fe0,be0,fs0,md0,wd0,u0,35 000,DID03
UID639,ck1,sk0,ls0,pd0,fe0,be0,fs0,md1,wd1,u0,35 000,DID01
UID640,ck1,sk0,ls0,pd0,fe0,be0,fs0,md0,wd0,u0,35 000,DID03
UID641,ck1,sk0,ls0,pd0,fe0,be0,fs0,md1,wd1,u0,35 000,DID03
UID642,ck1,sk0,ls0,pd0,fe0,be0,fs0,md0,wd0,u0,35 000,DID03
UID643,ck1,sk0,ls0,pd0,fe0,be0,fs0,md1,wd0,u0,35 000,DID01
UID644,ck1,sk0,ls0,pd0,fe0,be0,fs0,md1,wd0,u0,35 000,DID01
UID645,ck1,sk0,ls0,pd0,fe0,be0,fs0,md1,wd0,u0,35 000,DID03
UID646,ck1,sk0,ls0,pd0,fe0,be0,fs0,md0,wd0,u0,35 000,DID03
UID647,ck1,sk0,ls0,pd0,fe0,be0,fs0,md0,wd0,u0,35 000,DID03
UID648,ck1,sk0,ls0,pd0,fe0,be0,fs0,md0,wd0,u0,35 000,DID03
UID649,ck1,sk0,ls0,pd0,fe0,be0,fs0,md1,wd1,u0,35 000,DID03
UID650,ck1,sk0,ls0,pd0,fe0,be0,fs0,md1,wd1,u0,35 000,DID01
UID651,ck1,sk0,ls0,pd0,fe0,be0,fs0,md0,wd0,u0,35 000,DID03
UID652,ck1,sk0,ls0,pd0,fe0,be0,fs0,md1,wd1,u0,35 000,DID03
UID653,ck1,sk0,ls0,pd0,fe0,be0,fs0,md0,wd0,u0,35 000,DID03
UID654,ck1,sk0,ls0,pd0,fe0,be0,fs0,md1,wd1,u0,35 000,DID01
UID655,ck1,sk0,ls0,pd0,fe0,be0,fs0,md0,wd0,u0,35 000,DID03
UID656,ck1,sk0,ls0,pd0,fe0,be0,fs0,md1,wd1,u0,20 000,DID02
UID657,ck1,sk0,ls0,pd0,fe0,be0,fs0,md1,wd1,u0,20 000,DID02
UID658,ck1,sk0,ls0,pd0,fe0,be0,fs0,md1,wd1,u0,20 000,DID02
UID659,ck1,sk0,ls0,pd0,fe0,be0,fs0,md1,wd1,u0,20 000,DID02
UID660,ck1,sk0,ls0,pd0,fe0,be0,fs0,md1,wd1,u0,20 000,DID02
UID661,ck1,sk0,ls0,pd0,fe0,be0,fs0,md0,wd0,u0,20 000,DID02
UID662,ck1,sk0,ls0,pd0,fe0,be0,fs0,md0,wd0,u1,20 000,DID02
UID663,ck1,sk0,ls0,pd0,fe0,be0,fs0,md1,wd0,u0,20 000,DID02
UID664,ck1,sk0,ls0,pd0,fe0,be0,fs0,md1,wd0,u0,20 000,DID02
UID665,ck1,sk0,ls0,pd0,fe0,be0,fs0,md1,wd0,u0,20 000,DID02
UID666,ck1,sk0,ls0,pd0,fe0,be0,fs0,md1,wd0,u0,20 000,DID02
UID667,ck1,sk0,ls0,pd0,fe0,be0,fs0,md0,wd0,u0,20 000,DID02
UID668,ck1,sk0,ls0,pd0,fe0,be0,fs0,md0,wd0,u0,20 000,DID02
UID669,ck1,sk0,ls0,pd0,fe0,be0,fs0,md0,wd0,u1,20 000,DID01
UID670,ck1,sk0,ls0,pd0,fe0,be0,fs0,md0,wd0,u0,20 000,DID02
UID671,ck1,sk0,ls0,pd0,fe0,be0,fs0,md0,wd0,u0,20 000,DID01
UID672,ck1,sk0,ls0,pd0,fe0,be0,fs0,md0,wd0,u1,20 000,DID01
UID673,ck1,sk0,ls0,pd0,fe0,be0,fs0,md0,wd0,u1,20 000,DID01
UID674,ck1,sk0,ls0,pd0,fe0,be0,fs0,md0,wd0,u0,20 000,DID02
UID675,ck1,sk0,ls0,pd0,fe0,be0,fs0,md0,wd0,u1,20 000,DID01
UID676,ck1,sk0,ls0,pd0,fe0,be0,fs0,md1,wd0,u0,20 000,DID02
UID677,ck1,sk0,ls0,pd0,fe0,be0,fs0,md1,wd0,u0,20 000,DID02
UID678,ck1,sk0,ls0,pd0,fe0,be0,fs0,md1,wd0,u0,20 000,DID02
UID679,ck1,sk0,ls0,pd0,fe0,be0,fs0,md0,wd0,u0,20 000,DID02
UID680,ck1,sk0,ls0,pd0,fe0,be0,fs0,md0,wd0,u0,30 000,DID03
UID681,ck1,sk0,ls0,pd0,fe0,be0,fs0,md0,wd0,u0,30 000,DID03
UID682,ck1,sk0,ls0,pd0,fe0,be0,fs0,md0,wd0,u1,30 000,DID03
UID683,ck1,sk0,ls0,pd0,fe0,be0,fs0,md0,wd0,u0,30 000,DID03
UID684,ck1,sk0,ls0,pd0,fe0,be0,fs0,md0,wd0,u0,30 000,DID03
UID685,ck1,sk0,ls0,pd0,fe0,be0,fs0,md0,wd0,u0,30 000,DID03
UID686,ck1,sk0,ls0,pd0,fe0,be0,fs0,md0,wd0,u0,30 000,DID03
UID687,ck1,sk0,ls0,pd0,fe0,be0,fs0,md0,wd0,u1,30 000,DID03
UID688,ck1,sk0,ls0,pd0,fe0,be0,fs0,md0,wd0,u0,30 000,DID03
UID689,ck1,sk0,ls0,pd0,fe0,be0,fs0,md0,wd0,u0,30 000,DID03
UID690,ck1,sk0,ls0,pd0,fe0,be0,fs0,md0,wd0,u1,30 000,DID03
UID691,ck1,sk0,ls0,pd0,fe0,be0,fs0,md0,wd0,u0,30 000,DID03
UID692,ck1,sk0,ls0,pd0,fe0,be0,fs0,md0,wd0,u0,30 000,DID03
UID693,ck1,sk0,ls0,pd0,fe0,be0,fs0,md0,wd0,u1,30 000,DID03
UID694,ck1,sk0,ls0,pd0,fe0,be0,fs0,md0,wd0,u0,10 000,DID02
UID695,ck1,sk0,ls0,pd0,fe0,be0,fs0,md0,wd0,u0,10 000,DID02
UID696,ck1,sk0,ls0,pd0,fe0,be0,fs0,md1,wd0,u0,10 000,DID02
UID697,ck1,sk0,ls0,pd0,fe0,be0,fs0,md0,wd0,u1,10 000,DID01
UID698,ck1,sk0,ls0,pd0,fe0,be0,fs0,md1,wd0,u0,10 000,DID02
UID699,ck1,sk0,ls0,pd0,fe0,be0,fs0,md0,wd0,u0,10 000,DID02
UID700,ck1,sk0,ls0,pd0,fe0,be0,fs0,md0,wd0,u0,10 000,DID02
UID701,ck1,sk0,ls0,pd0,fe0,be0,fs0,md0,wd0,u0,10 000,DID01
UID702,ck1,sk0,ls0,pd0,fe0,be0,fs0,md0,wd0,u0,10 000,DID02
UID703,ck1,sk0,ls0,pd0,fe0,be0,fs0,md0,wd0,u0,10 000,DID02
UID704,ck1,sk0,ls0,pd0,fe0,be0,fs0,md0,wd0,u0,10 000,DID02
UID705,ck1,sk0,ls0,pd0,fe0,be0,fs0,md0,wd0,u0,30 000,DID02
UID706,ck1,sk0,ls0,pd0,fe0,be0,fs0,md0,wd0,u1,30 000,DID01
UID707,ck1,sk0,ls0,pd0,fe0,be0,fs0,md1,wd0,u0,30 000,DID01
UID708,ck1,sk0,ls0,pd0,fe0,be0,fs0,md0,wd0,u1,30 000,DID02
UID709,ck1,sk0,ls0,pd0,fe0,be0,fs0,md1,wd0,u0,30 000,DID02
UID710,ck1,sk0,ls0,pd0,fe0,be0,fs0,md1,wd0,u0,30 000,DID01
UID711,ck1,sk0,ls0,pd0,fe0,be0,fs0,md1,wd0,u0,30 000,DID02
UID712,ck1,sk0,ls0,pd0,fe0,be0,fs1,md0,wd0,u0,30 000,DID01
UID713,ck1,sk0,ls0,pd0,fe0,be0,fs1,md0,wd0,u0,30 000,DID02
UID714,ck1,sk0,ls0,pd0,fe1,be0,fs0,md0,wd0,u0,30 000,DID01
UID715,ck1,sk0,ls0,pd0,fe1,be0,fs0,md0,wd0,u0,30 000,DID01
UID716,ck1,sk0,ls0,pd0,fe0,be0,fs0,md1,wd0,u0,30 000,DID02
UID717,ck1,sk0,ls0,pd0,fe0,be0,fs0,md1,wd0,u0,30 000,DID01
UID718,ck1,sk0,ls0,pd0,fe0,be0,fs1,md0,wd0,u0,30 000,DID01
UID719,ck1,sk0,ls0,pd0,fe0,be0,fs1,md0,wd0,u0,30 000,DID02
UID720,ck1,sk0,ls0,pd0,fe1,be0,fs0,md0,wd0,u0,20 000,DID02
UID721,ck1,sk0,ls0,pd0,fe1,be0,fs0,md0,wd0,u0,20 000,DID02
UID722,ck1,sk0,ls0,pd0,fe0,be0,fs0,md1,wd0,u0,20 000,DID01
UID723,ck1,sk0,ls0,pd0,fe0,be0,fs0,md0,wd0,u0,20 000,DID03
UID724,ck1,sk0,ls0,pd0,fe0,be0,fs1,md0,wd0,u0,20 000,DID01
UID725,ck1,sk0,ls0,pd0,fe1,be0,fs0,md0,wd0,u0,20 000,DID02
UID726,ck1,sk0,ls0,pd0,fe0,be0,fs0,md1,wd0,u0,20 000,DID01
UID727,ck1,sk0,ls0,pd0,fe0,be0,fs0,md0,wd0,u0,20 000,DID03
UID728,ck1,sk0,ls0,pd0,fe0,be0,fs0,md1,wd0,u0,20 000,DID01
UID729,ck1,sk0,ls0,pd0,fe0,be0,fs0,md1,wd0,u0,20 000,DID02
UID730,ck1,sk0,ls0,pd0,fe0,be0,fs0,md1,wd0,u0,20 000,DID01
UID731,ck1,sk0,ls0,pd0,fe0,be0,fs1,md0,wd0,u0,20 000,DID02
UID732,ck1,sk0,ls0,pd0,fe0,be0,fs1,md0,wd0,u0,20 000,DID01
UID733,ck1,sk0,ls0,pd0,fe1,be0,fs0,md0,wd0,u0,20 000,DID02
UID734,ck1,sk0,ls0,pd0,fe1,be0,fs0,md0,wd0,u0,20 000,DID01
UID735,ck1,sk0,ls0,pd0,fe1,be0,fs0,md0,wd0,u0,20 000,DID02
UID736,ck1,sk0,ls0,pd0,fe1,be0,fs0,md0,wd0,u0,20 000,DID01
UID737,ck1,sk0,ls0,pd0,fe1,be0,fs0,md0,wd0,u0,20 000,DID01
UID738,ck1,sk0,ls0,pd0,fe1,be0,fs0,md0,wd0,u0,20 000,DID02
UID739,ck1,sk0,ls0,pd0,fe0,be0,fs1,md0,wd0,u0,20 000,DID02
UID740,ck1,sk0,ls0,pd0,fe0,be0,fs1,md0,wd0,u0,20 000,DID01
UID741,ck1,sk0,ls0,pd0,fe0,be0,fs1,md0,wd0,u0,30 000,DID02
UID742,ck1,sk1,ls1,pd0,fe1,be0,fs0,md0,wd0,u0,12 000,DID01
UID743,ck0,sk0,ls0,pd1,fe1,be0,fs0,md0,wd0,u0,12 000,DID01
UID744,ck0,sk0,ls0,pd1,fe0,be0,fs0,md1,wd1,u0,12 000,DID01
UID745,ck1,sk1,ls1,pd0,fe0,be0,fs0,md1,wd1,u0,12 000,DID01
UID746,ck1,sk1,ls1,pd0,fe1,be0,fs0,md0,wd0,u0,12 000,DID01
UID747,ck0,sk0,ls0,pd1,fe1,be0,fs0,md0,wd0,u0,12 000,DID01
UID748,ck0,sk0,ls0,pd1,fe1,be0,fs0,md0,wd0,u0,12 000,DID01
UID749,ck1,sk1,ls1,pd0,fe1,be0,fs0,md0,wd0,u0,12 000,DID01
UID750,ck1,sk1,ls1,pd0,fe0,be0,fs0,md1,wd1,u0,12 000,DID01
UID751,ck1,sk1,ls1,pd0,fe0,be0,fs0,md1,wd1,u0,12 000,DID01
UID752,ck0,sk0,ls0,pd1,fe0,be0,fs0,md1,wd1,u0,12 000,DID01
UID753,ck0,sk0,ls0,pd1,fe0,be0,fs0,md1,wd1,u0,12 000,DID01
UID754,ck0,sk0,ls0,pd1,fe0,be0,fs0,md1,wd1,u0,12 000,DID01
UID755,ck1,sk1,ls1,pd0,fe0,be0,fs0,md1,wd1,u0,12 000,DID01
UID756,ck1,sk1,ls1,pd0,fe0,be0,fs0,md1,wd1,u0,12 000,DID01
UID757,ck1,sk1,ls1,pd0,fe1,be0,fs0,md0,wd0,u0,12 000,DID01
UID758,ck0,sk0,ls0,pd1,fe1,be0,fs0,md0,wd0,u0,12 000,DID01
UID759,ck1,sk1,ls1,pd0,fe0,be0,fs1,md0,wd0,u0,12 000,DID01
UID760,ck1,sk1,ls1,pd0,fe0,be0,fs1,md0,wd0,u0,12 000,DID01
UID761,ck0,sk0,ls0,pd1,fe0,be0,fs1,md0,wd0,u0,12 000,DID01
UID762,ck1,sk1,ls1,pd0,fe1,be0,fs0,md0,wd0,u0,12 000,DID01
UID763,ck0,sk0,ls0,pd1,fe1,be0,fs0,md0,wd0,u0,12 000,DID01
UID764,ck1,sk1,ls1,pd0,fe1,be0,fs0,md0,wd0,u0,12 000,DID01
UID765,ck0,sk0,ls0,pd1,fe1,be0,fs0,md0,wd0,u0,12 000,DID01
UID766,ck1,sk1,ls1,pd0,fe0,be0,fs0,md1,wd1,u0,12 000,DID01
UID767,ck0,sk0,ls0,pd1,fe0,be0,fs0,md1,wd1,u0,12 000,DID01
UID768,ck0,sk0,ls0,pd1,fe0,be0,fs0,md1,wd1,u0,12 000,DID01
UID769,ck0,sk0,ls0,pd1,fe0,be0,fs0,md1,wd1,u0,12 000,DID01
UID770,ck1,sk1,ls1,pd0,fe0,be0,fs0,md1,wd1,u0,12 000,DID01
UID771,ck0,sk0,ls0,pd1,fe0,be0,fs1,md0,wd0,u0,12 000,DID01
UID772,ck1,sk1,ls1,pd0,fe0,be0,fs1,md0,wd0,u0,12 000,DID01
UID773,ck0,sk0,ls0,pd1,fe0,be0,fs1,md0,wd0,u0,12 000,DID01
UID774,ck1,sk1,ls1,pd0,fe0,be0,fs1,md0,wd0,u0,12 000,DID01
UID775,ck1,sk1,ls1,pd0,fe1,be0,fs0,md0,wd0,u0,12 000,DID01
UID776,ck0,sk0,ls0,pd1,fe1,be0,fs0,md0,wd0,u0,12 000,DID01
UID777,ck0,sk0,ls0,pd1,fe1,be0,fs0,md0,wd0,u0,12 000,DID01
UID778,ck1,sk1,ls1,pd0,fe0,be0,fs0,md0,wd0,u0,30 000,DID02
UID779,ck1,sk1,ls1,pd0,fe0,be0,fs0,md0,wd0,u0,30 000,DID02
UID780,ck1,sk1,ls1,pd0,fe0,be0,fs0,md0,wd0,u0,30 000,DID02
UID781,ck1,sk1,ls1,pd0,fe0,be0,fs0,md0,wd0,u0,30 000,DID02
UID782,ck0,sk0,ls0,pd1,fe1,be0,fs0,md0,wd0,u0,30 000,DID02
UID783,ck0,sk0,ls0,pd1,fe1,be0,fs0,md0,wd0,u0,30 000,DID02
UID784,ck1,sk1,ls1,pd0,fe1,be0,fs0,md0,wd0,u0,30 000,DID02
UID785,ck0,sk0,ls0,pd1,fe1,be0,fs0,md0,wd0,u0,30 000,DID02
UID786,ck1,sk1,ls1,pd0,fe1,be0,fs0,md0,wd0,u0,30 000,DID02
UID787,ck1,sk1,ls1,pd0,fe1,be0,fs0,md0,wd0,u0,30 000,DID02
UID788,ck1,sk1,ls1,pd0,fe1,be0,fs0,md0,wd0,u0,30 000,DID02
UID789,ck0,sk0,ls0,pd1,fe1,be0,fs0,md0,wd0,u0,30 000,DID02
UID790,ck0,sk0,ls0,pd1,fe0,be0,fs0,md1,wd1,u0,30 000,DID02
UID791,ck0,sk0,ls0,pd1,fe0,be0,fs0,md1,wd1,u0,30 000,DID02
UID792,ck1,sk1,ls1,pd0,fe0,be0,fs0,md1,wd1,u0,30 000,DID02
UID793,ck0,sk0,ls0,pd1,fe0,be0,fs0,md1,wd1,u0,30 000,DID02
UID794,ck1,sk1,ls1,pd0,fe0,be0,fs0,md1,wd1,u0,30 000,DID02
UID795,ck0,sk0,ls0,pd1,fe0,be0,fs0,md0,wd0,u0,30 000,DID02
UID796,ck1,sk1,ls1,pd0,fe0,be0,fs0,md0,wd0,u0,30 000,DID02
UID797,ck0,sk0,ls0,pd1,fe0,be0,fs0,md0,wd0,u0,30 000,DID01
UID798,ck1,sk1,ls1,pd0,fe0,be0,fs0,md0,wd0,u0,30 000,DID01
UID799,ck1,sk1,ls1,pd0,fe0,be0,fs0,md0,wd0,u0,30 000,DID02
UID800,ck0,sk0,ls0,pd1,fe0,be0,fs0,md0,wd0,u0,30 000,DID02
UID801,ck1,sk1,ls1,pd0,fe0,be0,fs0,md0,wd0,u0,30 000,DID01
UID802,ck0,sk0,ls0,pd1,fe0,be0,fs0,md0,wd0,u0,30 000,DID02
UID803,ck0,sk0,ls0,pd1,fe0,be0,fs0,md0,wd0,u0,30 000,DID01
UID804,ck1,sk1,ls1,pd0,fe0,be0,fs0,md0,wd0,u0,30 000,DID01
UID805,ck0,sk0,ls0,pd1,fe0,be0,fs0,md0,wd0,u0,30 000,DID02
UID806,ck1,sk1,ls1,pd0,fe0,be0,fs0,md0,wd0,u0,30 000,DID02
UID807,ck0,sk0,ls0,pd1,fe0,be0,fs0,md0,wd0,u0,30 000,DID01
UID808,ck0,sk0,ls0,pd1,fe0,be0,fs0,md0,wd0,u0,30 000,DID02
UID809,ck0,sk0,ls0,pd1,fe0,be0,fs0,md0,wd0,u0,30 000,DID01
UID810,ck1,sk1,ls1,pd0,fe1,be0,fs0,md0,wd0,u0,30 000,DID01
UID811,ck0,sk0,ls0,pd1,fe1,be0,fs0,md0,wd0,u0,30 000,DID01
UID812,ck0,sk0,ls0,pd1,fe1,be0,fs0,md0,wd0,u0,30 000,DID02
UID813,ck1,sk1,ls1,pd0,fe1,be0,fs0,md0,wd0,u0,30 000,DID01
UID814,ck0,sk0,ls0,pd1,fe0,be0,fs0,md1,wd1,u0,30 000,DID01
UID815,ck0,sk0,ls0,pd1,fe0,be0,fs0,md1,wd1,u0,30 000,DID02
UID816,ck1,sk1,ls1,pd0,fe0,be0,fs0,md1,wd1,u0,30 000,DID01
UID817,ck0,sk0,ls0,pd1,fe0,be0,fs0,md1,wd1,u0,30 000,DID02
UID818,ck0,sk0,ls0,pd1,fe0,be0,fs0,md1,wd1,u0,30 000,DID01
UID819,ck1,sk1,ls1,pd0,fe1,be0,fs0,md0,wd0,u0,30 000,DID02
UID820,ck0,sk0,ls0,pd1,fe1,be0,fs0,md0,wd0,u0,30 000,DID02
UID821,ck0,sk0,ls0,pd1,fe0,be0,fs0,md1,wd1,u0,30 000,DID01
UID822,ck1,sk1,ls1,pd0,fe0,be0,fs0,md1,wd1,u0,30 000,DID02
UID823,ck1,sk1,ls1,pd0,fe0,be0,fs0,md0,wd0,u0,30 000,DID02
UID824,ck1,sk1,ls1,pd0,fe0,be0,fs0,md0,wd0,u0,30 000,DID01
UID825,ck0,sk0,ls0,pd1,fe0,be0,fs0,md0,wd0,u0,30 000,DID02
UID826,ck0,sk0,ls0,pd1,fe0,be0,fs0,md0,wd0,u0,30 000,DID01
UID827,ck1,sk1,ls1,pd0,fe0,be0,fs0,md0,wd0,u0,30 000,DID02
UID828,ck0,sk0,ls0,pd1,fe0,be0,fs0,md0,wd0,u0,30 000,DID02
UID829,ck1,sk1,ls1,pd0,fe0,be0,fs0,md0,wd0,u0,30 000,DID01
UID830,ck1,sk1,ls1,pd0,fe0,be0,fs0,md0,wd0,u0,30 000,DID02
UID831,ck0,sk0,ls0,pd0,fe1,be0,fs0,md0,wd0,u0,20 000,DID01
UID832,ck0,sk0,ls0,pd0,fe1,be0,fs0,md0,wd0,u0,20 000,DID01
UID833,ck0,sk0,ls0,pd1,fe0,be0,fs0,md1,wd1,u0,20 000,DID01
UID834,ck0,sk0,ls0,pd1,fe0,be0,fs0,md1,wd1,u0,20 000,DID01
UID835,ck0,sk0,ls0,pd0,fe1,be0,fs0,md0,wd0,u0,20 000,DID01
UID836,ck0,sk0,ls0,pd0,fe1,be0,fs0,md0,wd0,u0,20 000,DID01
UID837,ck0,sk0,ls0,pd0,fe0,be0,fs0,md1,wd1,u0,20 000,DID01
UID838,ck0,sk0,ls0,pd1,fe0,be0,fs0,md1,wd1,u0,20 000,DID01
UID839,ck0,sk0,ls0,pd0,fe0,be0,fs0,md0,wd0,u0,20 000,DID01
UID840,ck0,sk0,ls0,pd1,fe0,be0,fs0,md0,wd0,u0,30 000,DID02
UID841,ck1,sk1,ls1,pd0,fe0,be0,fs0,md0,wd0,u0,30 000,DID01
UID842,ck1,sk1,ls1,pd0,fe0,be0,fs0,md0,wd0,u0,30 000,DID01
UID843,ck0,sk0,ls0,pd1,fe1,be0,fs0,md0,wd0,u0,30 000,DID02
UID844,ck0,sk0,ls0,pd1,fe1,be0,fs0,md0,wd0,u0,30 000,DID02
UID845,ck1,sk1,ls1,pd0,fe0,be0,fs0,md1,wd1,u0,30 000,DID01
UID846,ck0,sk0,ls0,pd1,fe0,be0,fs0,md1,wd1,u0,30 000,DID02
UID847,ck1,sk1,ls1,pd0,fe1,be0,fs0,md0,wd0,u0,30 000,DID01
UID848,ck0,sk0,ls0,pd1,fe1,be0,fs0,md0,wd0,u0,30 000,DID01
UID849,ck1,sk1,ls1,pd0,fe1,be0,fs0,md0,wd0,u0,30 000,DID01
UID850,ck0,sk0,ls0,pd1,fe1,be0,fs0,md0,wd0,u0,30 000,DID02
UID851,ck1,sk1,ls1,pd0,fe0,be0,fs0,md1,wd1,u0,30 000,DID02
UID852,ck0,sk0,ls0,pd1,fe0,be0,fs0,md1,wd1,u0,30 000,DID01
UID853,ck0,sk0,ls0,pd1,fe0,be0,fs0,md1,wd1,u0,30 000,DID02
UID854,ck0,sk0,ls0,pd1,fe0,be0,fs0,md1,wd1,u0,30 000,DID01
UID855,ck0,sk0,ls0,pd1,fe0,be0,fs0,md1,wd1,u0,30 000,DID02
UID856,ck0,sk0,ls0,pd1,fe0,be0,fs0,md0,wd0,u0,30 000,DID01
UID857,ck0,sk0,ls0,pd1,fe0,be0,fs0,md0,wd0,u0,30 000,DID01
UID858,ck0,sk0,ls0,pd1,fe0,be0,fs0,md0,wd0,u0,11 000,DID02
UID859,ck0,sk1,ls0,pd0,fe0,be0,fs0,md0,wd0,u0,11 000,DID03
UID860,ck1,sk1,ls1,pd0,fe0,be0,fs0,md0,wd0,u0,15 000,DID01
UID861,ck0,sk0,ls0,pd1,fe0,be0,fs0,md0,wd0,u0,11 000,DID02
UID862,ck0,sk0,ls0,pd1,fe0,be0,fs0,md0,wd0,u0,11 000,DID02
UID863,ck1,sk1,ls1,pd0,fe0,be0,fs0,md0,wd0,u0,11 000,DID02
UID864,ck0,sk0,ls0,pd1,fe0,be0,fs0,md0,wd0,u0,11 000,DID02
UID865,ck1,sk1,ls1,pd0,fe0,be0,fs0,md0,wd0,u0,11 000,DID02
UID866,ck0,sk0,ls0,pd1,fe0,be0,fs0,md0,wd0,u0,11 000,DID02
UID867,ck0,sk0,ls0,pd1,fe0,be0,fs0,md1,wd1,u0,11 000,DID02
UID868,ck1,sk1,ls1,pd0,fe0,be0,fs0,md1,wd1,u0,11 000,DID02
UID869,ck0,sk0,ls0,pd1,fe0,be0,fs0,md1,wd1,u0,11 000,DID02
UID870,ck0,sk0,ls0,pd1,fe0,be0,fs0,md1,wd1,u0,11 000,DID02
UID871,ck0,sk1,ls0,pd0,fe0,be0,fs0,md1,wd1,u0,15 000,DID03
UID872,ck0,sk1,ls0,pd0,fe0,be0,fs0,md0,wd0,u0,15 000,DID03
UID873,ck0,sk0,ls0,pd0,fe0,be0,fs0,md0,wd0,u0,15 000,DID03
UID874,ck0,sk0,ls0,pd0,fe0,be0,fs0,md0,wd0,u0,15 000,DID03
UID875,ck0,sk1,ls0,pd0,fe0,be0,fs0,md0,wd0,u0,15 000,DID03
UID876,ck0,sk0,ls0,pd0,fe0,be0,fs0,md0,wd0,u0,15 000,DID03
UID877,ck0,sk1,ls0,pd0,fe0,be0,fs0,md0,wd0,u0,15 000,DID03
UID878,ck0,sk0,ls0,pd0,fe0,be0,fs0,md0,wd0,u0,15 000,DID03
UID879,ck0,sk1,ls0,pd0,fe0,be0,fs0,md0,wd0,u0,15 000,DID03
UID880,ck0,sk0,ls0,pd0,fe0,be0,fs0,md0,wd0,u0,15 000,DID03
UID881,ck1,sk1,ls1,pd0,fe0,be0,fs0,md0,wd0,u0,15 000,DID01
UID882,ck0,sk0,ls0,pd1,fe0,be0,fs0,md0,wd0,u0,15 000,DID01
UID883,ck1,sk1,ls1,pd0,fe0,be0,fs0,md0,wd0,u0,15 000,DID01
UID884,ck1,sk1,ls1,pd0,fe0,be0,fs0,md0,wd0,u0,15 000,DID01
UID885,ck0,sk0,ls0,pd1,fe0,be0,fs0,md1,wd1,u0,15 000,DID01
UID886,ck0,sk0,ls0,pd1,fe0,be0,fs0,md1,wd1,u0,15 000,DID01
UID887,ck0,sk0,ls0,pd1,fe0,be0,fs0,md1,wd1,u0,15 000,DID01
UID888,ck1,sk1,ls1,pd0,fe0,be0,fs0,md1,wd1,u0,15 000,DID01
UID889,ck0,sk0,ls0,pd1,fe0,be0,fs0,md1,wd1,u0,15 000,DID01
UID890,ck1,sk1,ls1,pd0,fe0,be0,fs0,md1,wd1,u0,15 000,DID01
UID891,ck0,sk1,ls0,pd0,fe0,be0,fs0,md0,wd0,u0,43 000,DID03
UID892,ck0,sk1,ls0,pd0,fe0,be0,fs0,md0,wd0,u0,43 000,DID03
UID893,ck1,sk0,ls0,pd0,fe0,be0,fs0,md0,wd0,u0,43 000,DID03
UID894,ck0,sk1,ls0,pd0,fe0,be0,fs0,md0,wd0,u0,43 000,DID03
UID895,ck0,sk1,ls0,pd0,fe0,be0,fs0,md0,wd0,u0,43 000,DID03
UID896,ck1,sk0,ls0,pd0,fe0,be0,fs0,md0,wd0,u0,43 000,DID03
UID897,ck1,sk0,ls0,pd0,fe0,be0,fs0,md0,wd0,u0,43 000,DID03
UID898,ck0,sk1,ls0,pd0,fe0,be0,fs0,md0,wd0,u0,43 000,DID03
UID899,ck1,sk0,ls0,pd0,fe0,be0,fs0,md0,wd0,u0,43 000,DID03
UID900,ck1,sk0,ls0,pd0,fe0,be0,fs0,md0,wd0,u0,43 000,DID03
UID901,ck0,sk0,ls0,pd1,fe0,be0,fs0,md1,wd1,u0,15 000,DID01
UID902,ck0,sk0,ls0,pd0,fe0,be0,fs0,md1,wd1,u0,15 000,DID01
UID903,ck0,sk0,ls0,pd0,fe0,be0,fs0,md1,wd1,u0,15 000,DID01
UID904,ck0,sk0,ls0,pd0,fe0,be0,fs0,md0,wd0,u0,15 000,DID01
UID905,ck0,sk0,ls0,pd1,fe0,be0,fs0,md0,wd0,u0,15 000,DID01
UID906,ck0,sk0,ls0,pd1,fe0,be0,fs0,md0,wd0,u0,15 000,DID01
UID907,ck0,sk0,ls0,pd0,fe0,be0,fs0,md0,wd0,u0,15 000,DID01
UID908,ck0,sk0,ls0,pd0,fe1,be0,fs0,md0,wd0,u0,15 000,DID01
UID909,ck0,sk0,ls0,pd1,fe1,be0,fs0,md0,wd0,u0,15 000,DID01
UID910,ck0,sk0,ls0,pd0,fe0,be0,fs0,md1,wd1,u0,15 000,DID01
UID911,ck0,sk0,ls0,pd1,fe0,be0,fs0,md1,wd1,u0,15 000,DID02
UID912,ck1,sk1,ls1,pd0,fe1,be0,fs0,md0,wd0,u0,15 000,DID02
UID913,ck0,sk0,ls0,pd1,fe1,be0,fs0,md0,wd0,u0,15 000,DID02
UID914,ck0,sk0,ls0,pd1,fe0,be0,fs0,md1,wd1,u0,15 000,DID02
UID915,ck0,sk0,ls0,pd1,fe0,be0,fs0,md1,wd1,u0,15 000,DID02
UID916,ck1,sk1,ls1,pd0,fe0,be0,fs0,md0,wd0,u0,15 000,DID02
UID917,ck1,sk1,ls1,pd0,fe0,be0,fs0,md0,wd0,u0,15 000,DID02
UID918,ck0,sk0,ls0,pd1,fe0,be0,fs0,md0,wd0,u0,15 000,DID02
UID919,ck0,sk0,ls0,pd1,fe0,be0,fs0,md1,wd1,u0,15 000,DID02
UID920,ck1,sk1,ls1,pd0,fe0,be0,fs0,md1,wd1,u0,15 000,DID02
UID921,ck0,sk0,ls0,pd0,fe0,be0,fs0,md1,wd1,u0,11 000,DID02
UID922,ck0,sk0,ls0,pd1,fe0,be0,fs0,md1,wd1,u0,11 000,DID02
UID923,ck1,sk1,ls1,pd0,fe0,be0,fs0,md1,wd1,u0,11 000,DID01
UID924,ck1,sk1,ls1,pd0,fe0,be0,fs0,md1,wd1,u0,11 000,DID01
UID925,ck0,sk0,ls0,pd1,fe0,be0,fs0,md1,wd1,u0,11 000,DID02
UID926,ck0,sk0,ls0,pd1,fe0,be0,fs0,md1,wd1,u0,11 000,DID01
UID927,ck0,sk0,ls0,pd1,fe0,be0,fs0,md1,wd1,u0,11 000,DID02
UID928,ck1,sk1,ls1,pd0,fe0,be0,fs0,md1,wd1,u0,11 000,DID01
UID929,ck0,sk0,ls0,pd1,fe0,be0,fs0,md0,wd0,u0,11 000,DID01
UID930,ck1,sk1,ls1,pd0,fe0,be0,fs0,md0,wd0,u0,11 000,DID02
UID931,ck0,sk0,ls0,pd1,fe0,be0,fs0,md0,wd0,u0,11 000,DID01
UID932,ck0,sk0,ls0,pd1,fe0,be0,fs0,md0,wd0,u0,15 000,DID03
UID933,ck0,sk0,ls0,pd1,fe0,be0,fs0,md0,wd0,u0,15 000,DID03
UID934,ck0,sk0,ls0,pd1,fe0,be0,fs0,md0,wd0,u0,15 000,DID02
UID935,ck0,sk0,ls0,pd1,fe0,be0,fs0,md0,wd0,u0,15 000,DID01
UID936,ck0,sk0,ls0,pd1,fe0,be0,fs0,md0,wd0,u1,15 000,DID03
UID937,ck0,sk0,ls0,pd1,fe0,be0,fs0,md0,wd0,u1,15 000,DID01
UID938,ck0,sk0,ls0,pd1,fe0,be0,fs0,md0,wd0,u1,15 000,DID03
UID939,ck0,sk0,ls0,pd1,fe0,be0,fs0,md0,wd0,u0,15 000,DID02
UID940,ck0,sk0,ls0,pd1,fe0,be0,fs0,md0,wd0,u0,15 000,DID01
UID941,ck0,sk0,ls0,pd1,fe0,be0,fs0,md0,wd0,u0,15 000,DID02
UID942,ck0,sk0,ls0,pd1,fe0,be0,fs0,md0,wd0,u0,15 000,DID02
UID943,ck0,sk0,ls0,pd1,fe0,be0,fs0,md0,wd0,u0,15 000,DID01
UID944,ck0,sk0,ls0,pd1,fe0,be0,fs0,md0,wd0,u0,15 000,DID02
UID945,ck0,sk0,ls0,pd1,fe0,be0,fs0,md0,wd0,u0,15 000,DID01
UID946,ck0,sk0,ls0,pd1,fe0,be0,fs0,md0,wd0,u0,15 000,DID02
UID947,ck0,sk0,ls0,pd1,fe0,be0,fs0,md0,wd0,u1,15 000,DID02
UID948,ck0,sk0,ls0,pd1,fe0,be0,fs0,md0,wd0,u1,15 000,DID01
UID949,ck0,sk0,ls0,pd1,fe0,be0,fs0,md0,wd0,u1,15 000,DID02
UID950,ck0,sk0,ls0,pd1,fe0,be0,fs0,md0,wd0,u1,15 000,DID01
UID951,ck0,sk0,ls0,pd1,fe0,be0,fs0,md0,wd0,u1,15 000,DID02
UID952,ck0,sk0,ls0,pd1,fe0,be0,fs0,md0,wd0,u1,20 000,DID03
UID953,ck0,sk0,ls0,pd1,fe0,be0,fs0,md0,wd0,u0,20 000,DID02
UID954,ck0,sk0,ls0,pd1,fe0,be0,fs0,md0,wd0,u0,20 000,DID02
UID955,ck0,sk0,ls0,pd1,fe0,be0,fs0,md0,wd0,u0,20 000,DID01
UID956,ck0,sk0,ls0,pd1,fe0,be0,fs0,md0,wd0,u0,20 000,DID02
UID957,ck0,sk0,ls0,pd1,fe0,be0,fs0,md0,wd0,u0,20 000,DID01
UID958,ck0,sk0,ls0,pd1,fe0,be0,fs0,md0,wd0,u0,20 000,DID02
UID959,ck0,sk0,ls0,pd1,fe0,be0,fs0,md0,wd0,u0,20 000,DID01
UID960,ck0,sk0,ls0,pd1,fe0,be0,fs0,md0,wd0,u1,20 000,DID03
UID961,ck0,sk0,ls0,pd1,fe0,be0,fs0,md0,wd0,u1,20 000,DID03
UID962,ck1,sk1,ls1,pd0,fe0,be0,fs0,md0,wd0,u0,40 000,DID02
UID963,ck1,sk1,ls0,pd0,fe0,be0,fs0,md0,wd0,u0,10 000,DID02
UID964,ck1,sk0,ls1,pd0,fe0,be0,fs0,md0,wd0,u0,30 000,DID03